Date,Daily_High,Daily _Low,Precipitation ,,
1/1/2015,54,28,0,,
1/2/2015,54,30,0,,
1/3/2015,55,31,0,,
1/4/2015,58,31,0,,
1/5/2015,59,33,0,,
1/6/2015,64,37,0,,
1/7/2015,65,39,0,,
1/8/2015,69,44,0,,
1/9/2015,67,48,0,,
1/10/2015,63,48,0.01,,
1/11/2015,58,49,0.63,,
1/12/2015,60,44,0,,
1/13/2015,62,44,0,,
1/14/2015,66,43,0,,
1/15/2015,59,44,0,,
1/16/2015,61,43,0,,
1/17/2015,52,41,0,,
1/18/2015,54,45,0,,
1/19/2015,49,44,0,,
1/20/2015,50,46,0,,
1/21/2015,51,47,0,,
1/22/2015,57,39,0,,
1/23/2015,56,39,0,,
1/24/2015,49,36,0,,
1/25/2015,56,40,0,,
1/26/2015,61,39,0.01,,
1/27/2015,67,49,0.04,,
1/28/2015,60,47,0,,
1/29/2015,65,51,0,,
1/30/2015,63,47,0,,
1/31/2015,65,44,0,,
2/1/2015,72,44,0,,
2/2/2015,70,44,0,,
2/3/2015,71,43,0,,
2/4/2015,79,42,0,,
2/5/2015,83,46,0,,
2/6/2015,85,50,0,,
2/7/2015,64,56,0.07,,
2/8/2015,82,50,0,,
2/9/2015,71,53,0,,
2/10/2015,66,45,0,,
2/11/2015,67,43,0,,
2/12/2015,77,44,0,,
2/13/2015,79,45,0,,
2/14/2015,76,49,0,,
2/15/2015,79,47,0,,
2/16/2015,80,49,0,,
2/17/2015,78,49,0,,
2/18/2015,70,50,0,,
2/19/2015,72,47,0,,
2/20/2015,62,44,0,,
2/21/2015,63,47,0,,
2/22/2015,65,45,0.52,,
2/23/2015,66,47,0.16,,
2/24/2015,64,42,0,,
2/25/2015,67,41,0,,
2/26/2015,67,43,0,,
2/27/2015,68,44,0,,
2/28/2015,62,47,0.15,,
3/1/2015,61,43,0.06,,
3/2/2015,62,46,0.21,,
3/3/2015,63,45,0,,
3/4/2015,69,42,0,,
3/5/2015,73,44,0,,
3/6/2015,71,42,0,,
3/7/2015,78,45,0,,
3/8/2015,79,46,0,,
3/9/2015,80,48,0,,
3/10/2015,87,49,0,,
3/11/2015,71,51,0,,
3/12/2015,69,50,0,,
3/13/2015,86,47,0,,
3/14/2015,91,52,0,,
3/15/2015,92,60,0,,
3/16/2015,80,55,0,,
3/17/2015,72,56,0,,
3/18/2015,74,57,0,,
3/19/2015,81,54,0,,
3/20/2015,85,52,0,,
3/21/2015,79,51,0,,
3/22/2015,78,51,0,,
3/23/2015,73,51,0,,
3/24/2015,71,46,0,,
3/25/2015,78,50,0,,
3/26/2015,90,53,0,,
3/27/2015,93,55,0,,
3/28/2015,83,56,0,,
3/29/2015,86,58,0,,
3/30/2015,90,54,0,,
3/31/2015,79,54,0,,
4/1/2015,73,46,0,,
4/2/2015,72,45,0,,
4/3/2015,80,48,0,,
4/4/2015,79,50,0,,
4/5/2015,73,46,0,,
4/6/2015,67,50,0,,
4/7/2015,67,47,0.06,,
4/8/2015,66,44,0,,
4/9/2015,70,44,0,,
4/10/2015,77,46,0,,
4/11/2015,79,50,0,,
4/12/2015,82,52,0,,
4/13/2015,90,53,0,,
4/14/2015,70,50,0,,
4/15/2015,75,43,0,,
4/16/2015,84,47,0,,
4/17/2015,85,54,0,,
4/18/2015,88,54,0,,
4/19/2015,90,58,0,,
4/20/2015,88,58,0,,
4/21/2015,78,58,0,,
4/22/2015,77,55,0,,
4/23/2015,80,55,0,,
4/24/2015,76,56,0,,
4/25/2015,71,52,0.02,,
4/26/2015,75,48,0,,
4/27/2015,89,56,0,,
4/28/2015,94,59,0,,
4/29/2015,92,63,0,,
4/30/2015,90,64,0,,
5/1/2015,96,67,0,,
5/2/2015,94,59,0,,
5/3/2015,90,58,0,,
5/4/2015,85,55,0,,
5/5/2015,83,56,0,,
5/6/2015,79,55,0,,
5/7/2015,71,55,0,,
5/8/2015,69,53,0,,
5/9/2015,77,56,0,,
5/10/2015,88,57,0,,
5/11/2015,85,59,0,,
5/12/2015,78,53,0,,
5/13/2015,75,51,0,,
5/14/2015,72,52,0.26,,
5/15/2015,69,53,0,,
5/16/2015,78,51,0,,
5/17/2015,77,56,0,,
5/18/2015,78,55,0,,
5/19/2015,79,55,0,,
5/20/2015,82,59,0,,
5/21/2015,71,57,0,,
5/22/2015,69,55,0.3,,
5/23/2015,80,59,0.12,,
5/24/2015,81,58,0,,
5/25/2015,87,60,0,,
5/26/2015,84,62,0,,
5/27/2015,88,61,0,,
5/28/2015,90,62,0,,
5/29/2015,95,62,0,,
5/30/2015,100,67,0,,
5/31/2015,99,67,0,,
6/1/2015,88,58,0,,
6/2/2015,87,60,0,,
6/3/2015,89,63,0,,
6/4/2015,85,59,0,,
6/5/2015,88,61,0,,
6/6/2015,93,66,0,,
6/7/2015,98,68,0,,
6/8/2015,106,72,0,,
6/9/2015,88,73,0,,
6/10/2015,94,69,0,,
6/11/2015,92,68,0,,
6/12/2015,97,73,0,,
6/13/2015,105,76,0,,
6/14/2015,103,73,0,,
6/15/2015,102,68,0,,
6/16/2015,100,68,0,,
6/17/2015,102,68,0,,
6/18/2015,104,69,0,,
6/19/2015,96,67,0,,
6/20/2015,102,68,0,,
6/21/2015,100,67,0,,
6/22/2015,95,65,0,,
6/23/2015,98,66,0,,
6/24/2015,98,70,0,,
6/25/2015,104,74,0,,
6/26/2015,106,78,0,,
6/27/2015,101,75,0,,
6/28/2015,98,77,0,,
6/29/2015,97,74,0,,
6/30/2015,106,80,0,,
7/1/2015,102,83,0,,
7/2/2015,103,81,0,,
7/3/2015,102,75,0,,
7/4/2015,102,76,0,,
7/5/2015,100,76,0,,
7/6/2015,95,73,0,,
7/7/2015,94,70,0,,
7/8/2015,93,69,0,,
7/9/2015,86,66,0,,
7/10/2015,87,64,0,,
7/11/2015,91,65,0,,
7/12/2015,93,69,0,,
7/13/2015,94,68,0,,
7/14/2015,96,69,0,,
7/15/2015,97,70,0,,
7/16/2015,98,70,0,,
7/17/2015,103,73,0,,
7/18/2015,97,73,0.03,,
7/19/2015,92,73,0.01,,
7/20/2015,94,76,0,,
7/21/2015,99,77,0,,
7/22/2015,96,76,0,,
7/23/2015,94,70,0,,
7/24/2015,95,65,0,,
7/25/2015,97,68,0,,
7/26/2015,97,69,0,,
7/27/2015,94,69,0,,
7/28/2015,99,72,0,,
7/29/2015,107,73,0,,
7/30/2015,99,80,0,,
7/31/2015,105,80,0,,
8/1/2015,102,76,0,,
8/2/2015,99,74,0,,
8/3/2015,98,70,0,,
8/4/2015,91,68,0,,
8/5/2015,87,64,0,,
8/6/2015,93,72,0,,
8/7/2015,96,70,0,,
8/8/2015,95,69,0,,
8/9/2015,97,70,0,93.85714286,
8/10/2015,96,72,0,,
8/11/2015,93,68,0,,
8/12/2015,94,67,0,,
8/13/2015,96,67,0,,
8/14/2015,93,68,0,,
8/15/2015,98,68,0,,
8/16/2015,105,76,0,,
8/17/2015,109,76,0,,
8/18/2015,105,76,0,,
8/19/2015,101,72,0,,
8/20/2015,99,69,0,,
8/21/2015,97,68,0,,
8/22/2015,98,70,0,,
8/23/2015,98,69,0,,
8/24/2015,98,71,0,,
8/25/2015,99,70,0,,
8/26/2015,101,73,0,,
8/27/2015,100,73,0,,
8/28/2015,104,75,0,,
8/29/2015,98,74,0,,
8/30/2015,88,69,0,,
8/31/2015,91,65,0,,
9/1/2015,96,68,0,,
9/2/2015,92,66,0,,
9/3/2015,87,66,0,,
9/4/2015,87,62,0,,
9/5/2015,85,61,0,,
9/6/2015,90,61,0,,
9/7/2015,96,65,0,,
9/8/2015,98,68,0,,
9/9/2015,102,74,0,,
9/10/2015,104,75,0,,
9/11/2015,101,78,0,,
9/12/2015,101,75,0,,
9/13/2015,101,70,0,,
9/14/2015,91,71,0,,
9/15/2015,87,68,0,,
9/16/2015,79,59,0,,
9/17/2015,81,57,0,,
9/18/2015,86,60,0,,
9/19/2015,93,63,0,,
9/20/2015,98,68,0,,
9/21/2015,101,71,0,,
9/22/2015,100,73,0,,
9/23/2015,91,67,0,,
9/24/2015,94,64,0,,
9/25/2015,99,70,0,,
9/26/2015,95,71,0,,
9/27/2015,96,68,0,,
9/28/2015,96,70,0,,
9/29/2015,91,66,0,,
9/30/2015,86,63,0,,
10/1/2015,85,63,0,,
10/2/2015,81,59,0,,
10/3/2015,89,61,0,,
10/4/2015,72,58,0,,
10/5/2015,81,57,0,,
10/6/2015,84,61,0,,
10/7/2015,86,62,0,,
10/8/2015,92,65,0,,
10/9/2015,92,65,0,,
10/10/2015,100,67,0,,
10/11/2015,91,67,0,,
10/12/2015,94,68,0,,
10/13/2015,95,70,0,,
10/14/2015,89,72,0.08,,
10/15/2015,83,67,0.06,,
10/16/2015,87,64,0,,
10/17/2015,86,66,0,,
10/18/2015,74,62,0,,
10/19/2015,75,58,0,,
10/20/2015,76,56,0,,
10/21/2015,82,57,0,,
10/22/2015,87,57,0,,
10/23/2015,86,58,0,,
10/24/2015,85,57,0,,
10/25/2015,81,62,0,,
10/26/2015,86,56,0,,
10/27/2015,83,57,0,,
10/28/2015,78,60,0,,
10/29/2015,72,55,0,,
10/30/2015,76,54,0,,
10/31/2015,83,50,0,,
11/1/2015,85,54,0,,
11/2/2015,72,52,0.26,,
11/3/2015,60,49,0.01,,66.57142857
11/4/2015,62,47,0,,
11/5/2015,66,44,0,,
11/6/2015,67,41,0,,
11/7/2015,72,43,0,,
11/8/2015,74,43,0,,
11/9/2015,65,49,0.04,,
11/10/2015,59,44,0,,
11/11/2015,62,44,0,,
11/12/2015,62,39,0,,
11/13/2015,66,40,0,,
11/14/2015,72,41,0,,
11/15/2015,61,42,0.24,,
11/16/2015,55,38,0.01,,
11/17/2015,59,38,0,,
11/18/2015,61,37,0,,
11/19/2015,66,39,0,,
11/20/2015,68,42,0,,
11/21/2015,73,43,0,,
11/22/2015,77,43,0,,
11/23/2015,82,46,0,,
11/24/2015,65,44,0.04,,
11/25/2015,55,42,0.01,,
11/26/2015,54,37,0,,
11/27/2015,53,35,0,,
11/28/2015,58,37,0,,
11/29/2015,58,33,0,,
11/30/2015,61,32,0,,
12/1/2015,58,34,0,,
12/2/2015,63,36,0,,
12/3/2015,73,39,0,,
12/4/2015,63,44,0,,
12/5/2015,62,38,0,,
12/6/2015,67,38,0,,
12/7/2015,66,41,0,,
12/8/2015,66,43,0,,
12/9/2015,60,44,0,,
12/10/2015,66,41,0,,
12/11/2015,56,44,0.03,,
12/12/2015,58,41,0,,
12/13/2015,61,38,0.16,,
12/14/2015,52,37,0,,
12/15/2015,50,33,0,,
12/16/2015,53,32,0,,
12/17/2015,57,32,0,,
12/18/2015,61,34,0,,
12/19/2015,59,35,0.24,,
12/20/2015,53,42,0,,
12/21/2015,62,38,0,,
12/22/2015,66,53,0.1,,
12/23/2015,55,42,0,,
12/24/2015,57,38,0.05,,
12/25/2015,51,36,0,,
12/26/2015,50,33,0,,
12/27/2015,54,29,0,,
12/28/2015,45,31,0,,
12/29/2015,51,35,0,,
12/30/2015,53,31,0,,
12/31/2015,54,28,0,,
1/1/2016,55,27,0,,
1/2/2016,57,34,0,,
1/3/2016,68,39,0,,
1/4/2016,65,42,0,,
1/5/2016,58,47,0.48,,
1/6/2016,59,44,0.08,,
1/7/2016,56,44,0.13,,
1/8/2016,53,42,0,,
1/9/2016,58,42,0,,
1/10/2016,58,44,0,,
1/11/2016,59,43,0,,
1/12/2016,63,39,0,,
1/13/2016,64,42,0,,
1/14/2016,58,40,0,,
1/15/2016,64,46,0,,
1/16/2016,65,45,0.01,,
1/17/2016,68,45,0,,
1/18/2016,63,48,0.1,,
1/19/2016,58,47,0.15,,
1/20/2016,59,45,0,,
1/21/2016,65,46,0,,
1/22/2016,73,46,0,,
1/23/2016,60,45,0.07,,
1/24/2016,57,42,0,,
1/25/2016,58,42,0,,
1/26/2016,64,41,0,,
1/27/2016,62,42,0,,
1/28/2016,65,39,0,,
1/29/2016,69,43,0,,
1/30/2016,62,47,0,,
1/31/2016,52,40,0.93,,
2/1/2016,52,36,0,,
2/2/2016,53,34,0,,
2/3/2016,57,33,0,,
2/4/2016,59,36,0,,
2/5/2016,64,34,0,,
2/6/2016,64,40,0,,
2/7/2016,68,40,0,,
2/8/2016,74,42,0,,
2/9/2016,79,41,0,,
2/10/2016,76,46,0,,
2/11/2016,77,45,0,,
2/12/2016,73,46,0,,
2/13/2016,70,47,0,,
2/14/2016,69,45,0,,
2/15/2016,74,48,0,,
2/16/2016,79,47,0,,
2/17/2016,72,50,0.04,,
2/18/2016,65,47,0.14,,
2/19/2016,67,41,0,,
2/20/2016,62,40,0,,
2/21/2016,64,40,0,,
2/22/2016,67,45,0,,
2/23/2016,72,43,0,,
2/24/2016,82,46,0,,
2/25/2016,78,47,0,,
2/26/2016,79,45,0,,
2/27/2016,73,49,0,,
2/28/2016,71,49,0,,
2/29/2016,72,49,0,,
3/1/2016,80,49,0,,
3/2/2016,81,51,0,,
3/3/2016,71,51,0,,
3/4/2016,74,51,0,,
3/5/2016,72,57,0.01,,
3/6/2016,66,49,0.03,,
3/7/2016,57,48,0.18,,
3/8/2016,62,47,0,,
3/9/2016,72,44,0,,
3/10/2016,83,48,0,,
3/11/2016,73,45,0.23,,
3/12/2016,63,45,0,,
3/13/2016,67,47,0,,
3/14/2016,68,50,0,,
3/15/2016,67,45,0,,
3/16/2016,74,47,0,,
3/17/2016,80,50,0,,
3/18/2016,83,51,0,,
3/19/2016,80,52,0,,
3/20/2016,80,52,0,,
3/21/2016,73,54,0,,
3/22/2016,68,47,0,,
3/23/2016,70,40,0,,
3/24/2016,73,46,0,,
3/25/2016,76,50,0,,
3/26/2016,77,51,0,,
3/27/2016,79,51,0,,
3/28/2016,67,47,0,,
3/29/2016,68,45,0,,
3/30/2016,69,44,0,,
3/31/2016,74,48,0,,
4/1/2016,79,50,0,,
4/2/2016,86,51,0,,
4/3/2016,86,56,0,,
4/4/2016,81,56,0,,
4/5/2016,83,54,0,,
4/6/2016,91,56,0,,
4/7/2016,85,63,0.01,,
4/8/2016,71,60,0.39,,
4/9/2016,74,57,0.29,,
4/10/2016,73,55,0.07,,
4/11/2016,74,57,0,,
4/12/2016,77,56,0,,
4/13/2016,74,57,0,,
4/14/2016,75,52,0,,
4/15/2016,70,51,0,,
4/16/2016,81,51,0,,
4/17/2016,91,51,0,,
4/18/2016,92,60,0,,
4/19/2016,91,63,0,,
4/20/2016,88,59,0,,
4/21/2016,85,56,0,,
4/22/2016,81,56,0,,
4/23/2016,72,46,0,,
4/24/2016,74,52,0.17,,
4/25/2016,66,51,0,,
4/26/2016,74,47,0,,
4/27/2016,75,52,0.04,,
4/28/2016,71,52,0,,
4/29/2016,81,54,0,,
4/30/2016,77,56,0,,
5/1/2016,88,55,0,,
5/2/2016,90,62,0,,
5/3/2016,93,60,0,,
5/4/2016,84,61,0,,
5/5/2016,75,58,0.02,,
5/6/2016,67,57,0.52,,
5/7/2016,75,57,0,,
5/8/2016,77,57,0,,
5/9/2016,82,59,0,,
5/10/2016,85,59,0,,
5/11/2016,92,65,0,,
5/12/2016,98,68,0,,
5/13/2016,95,67,0,,
5/14/2016,81,58,0,,
5/15/2016,81,60,0,,
5/16/2016,85,61,0,,
5/17/2016,89,63,0,,
5/18/2016,96,66,0,,
5/19/2016,95,62,0,,
5/20/2016,75,55,0,,
5/21/2016,73,50,0,,
5/22/2016,77,53,0,,
5/23/2016,78,53,0,,
5/24/2016,79,57,0.01,,
5/25/2016,77,60,0,,
5/26/2016,82,57,0,,
5/27/2016,89,63,0,,
5/28/2016,92,67,0,,
5/29/2016,94,66,0,,
5/30/2016,96,68,0,,
5/31/2016,99,70,0,,
6/1/2016,103,73,0,,
6/2/2016,104,70,0,,
6/3/2016,103,71,0,,
6/4/2016,107,72,0,,
6/5/2016,103,72,0,,
6/6/2016,102,72,0,,
6/7/2016,101,73,0,,
6/8/2016,96,71,0,,
6/9/2016,93,67,0,,
6/10/2016,89,65,0,,
6/11/2016,88,66,0,,
6/12/2016,88,66,0,,
6/13/2016,92,67,0,,
6/14/2016,87,62,0,,
6/15/2016,82,58,0,,
6/16/2016,81,53,0,,
6/17/2016,89,61,0,,
6/18/2016,87,63,0,,
6/19/2016,93,64,0,,
6/20/2016,98,70,0,,
6/21/2016,100,72,0,,
6/22/2016,102,73,0,,
6/23/2016,96,66,0,,
6/24/2016,95,65,0,,
6/25/2016,96,68,0,,
6/26/2016,101,70,0,,
6/27/2016,104,76,0,,
6/28/2016,107,80,0,,
6/29/2016,108,78,0,,
6/30/2016,104,75,0,,
7/1/2016,105,74,0,,
7/2/2016,104,76,0,,
7/3/2016,101,72,0,,
7/4/2016,99,71,0,,
7/5/2016,99,71,0,,
7/6/2016,97,69,0,,
7/7/2016,96,68,0,,
7/8/2016,98,69,0,,
7/9/2016,93,70,0,,
7/10/2016,88,64,0,,
7/11/2016,91,65,0,,
7/12/2016,96,66,0,,
7/13/2016,97,68,0,,
7/14/2016,102,71,0,,
7/15/2016,105,76,0,,
7/16/2016,103,74,0,,
7/17/2016,101,72,0,,
7/18/2016,96,68,0,,
7/19/2016,95,66,0,,
7/20/2016,96,68,0,,
7/21/2016,99,70,0,,
7/22/2016,97,70,0,,
7/23/2016,99,71,0,,
7/24/2016,108,73,0,,
7/25/2016,105,76,0,,
7/26/2016,105,75,0,,
7/27/2016,108,79,0,,
7/28/2016,109,81,0,,
7/29/2016,109,79,0,,
7/30/2016,111,80,0,,
7/31/2016,105,75,0,,
8/1/2016,104,75,0,,
8/2/2016,103,76,0,,
8/3/2016,102,73,0,,
8/4/2016,102,76,0,,
8/5/2016,96,70,0,,
8/6/2016,98,69,0,,
8/7/2016,96,69,0,,
8/8/2016,98,68,0,,
8/9/2016,99,70,0,,
8/10/2016,98,69,0,,
8/11/2016,99,69,0,,
8/12/2016,100,72,0,,
8/13/2016,101,75,0,,
8/14/2016,106,78,0,,
8/15/2016,107,77,0,,
8/16/2016,103,73,0,,
8/17/2016,105,72,0,,
8/18/2016,105,76,0,,
8/19/2016,101,70,0,,
8/20/2016,100,73,0,,
8/21/2016,99,71,0,,
8/22/2016,95,71,0,,
8/23/2016,98,69,0,,
8/24/2016,98,71,0,,
8/25/2016,98,69,0,,
8/26/2016,94,68,0,,
8/27/2016,91,64,0,,
8/28/2016,94,67,0,,
8/29/2016,96,72,0,,
8/30/2016,95,69,0,,
8/31/2016,94,71,0,,
9/1/2016,94,68,0,,
9/2/2016,94,66,0,,
9/3/2016,94,67,0,,
9/4/2016,85,63,0,,
9/5/2016,85,61,0,,
9/6/2016,92,63,0,,
9/7/2016,97,65,0,,
9/8/2016,97,68,0,,
9/9/2016,95,70,0,,
9/10/2016,98,71,0,,
9/11/2016,97,70,0,,
9/12/2016,93,64,0,,
9/13/2016,76,56,0,,
9/14/2016,80,56,0,,
9/15/2016,86,59,0,,
9/16/2016,90,62,0,,
9/17/2016,95,66,0,,
9/18/2016,102,66,0,,
9/19/2016,105,69,0,,
9/20/2016,96,77,0,,
9/21/2016,92,68,0,,
9/22/2016,76,55,0,,
9/23/2016,80,56,0,,
9/24/2016,86,58,0,,
9/25/2016,97,60,0,,
9/26/2016,101,63,0,,
9/27/2016,99,67,0,,
9/28/2016,101,68,0,,
9/29/2016,97,71,0,,
9/30/2016,92,66,0,,
10/1/2016,76,57,0,,
10/2/2016,76,52,0,,
10/3/2016,72,51,0,,
10/4/2016,75,52,0,,
10/5/2016,76,52,0,,
10/6/2016,79,55,0,,
10/7/2016,85,55,0,,
10/8/2016,91,56,0,,
10/9/2016,92,58,0,,
10/10/2016,90,61,0,,
10/11/2016,81,59,0,,
10/12/2016,81,57,0,,
10/13/2016,81,57,0,,
10/14/2016,84,56,0,,
10/15/2016,83,60,0,,
10/16/2016,83,63,0.02,,
10/17/2016,75,58,0.03,,
10/18/2016,70,50,0,,
10/19/2016,75,53,0,,
10/20/2016,80,52,0,,
10/21/2016,82,54,0,,
10/22/2016,83,56,0,,
10/23/2016,83,58,0,,
10/24/2016,83,59,0,,
10/25/2016,79,55,0,,
10/26/2016,82,56,0,,
10/27/2016,85,60,0,,
10/28/2016,77,60,0.15,,
10/29/2016,79,58,0,,
10/30/2016,73,58,0.04,,
10/31/2016,69,50,0,,
11/1/2016,70,53,0,,
11/2/2016,70,50,0,,
11/3/2016,73,48,0,,
11/4/2016,77,50,0,,
11/5/2016,78,50,0,,
11/6/2016,73,52,0,,
11/7/2016,76,53,0,,
11/8/2016,78,52,0,,
11/9/2016,78,52,0,,
11/10/2016,84,53,0,,
11/11/2016,89,55,0,,
11/12/2016,79,58,0,,
11/13/2016,77,53,0,,
11/14/2016,77,51,0,,
11/15/2016,75,52,0,,
11/16/2016,62,45,0,,
11/17/2016,63,41,0,,
11/18/2016,77,38,0,,
11/19/2016,77,46,0,,
11/20/2016,76,50,0.1,,
11/21/2016,63,47,0.05,,
11/22/2016,62,45,0,,
11/23/2016,62,44,0,,
11/24/2016,60,40,0,,
11/25/2016,65,37,0,,
11/26/2016,68,38,0.12,,
11/27/2016,58,42,0.11,,
11/28/2016,55,43,0,,
11/29/2016,60,43,0,,
11/30/2016,60,38,0,,
12/1/2016,54,44,0,,
12/2/2016,54,39,0,,
12/3/2016,57,36,0,,
12/4/2016,61,35,0,,
12/5/2016,60,38,0,,
12/6/2016,54,41,0,,
12/7/2016,55,40,0,,
12/8/2016,67,45,0,,
12/9/2016,71,54,0.04,,
12/10/2016,70,52,0,,
12/11/2016,65,54,0,,
12/12/2016,59,49,0,,
12/13/2016,70,47,0,,
12/14/2016,73,46,0,,
12/15/2016,64,53,0.12,,
12/16/2016,64,41,0.24,,
12/17/2016,51,35,0,,
12/18/2016,49,32,0,,
12/19/2016,54,32,0,,
12/20/2016,54,30,0,,
12/21/2016,52,42,0,,
12/22/2016,59,42,0,,
12/23/2016,62,42,0.91,,
12/24/2016,51,38,0.19,,
12/25/2016,53,35,0,,
12/26/2016,56,38,0,,
12/27/2016,54,34,0,,
12/28/2016,56,36,0,,
12/29/2016,66,36,0,,
12/30/2016,54,46,0.44,,
12/31/2016,55,40,0.47,,
1/1/2017,56,39,0,,
1/2/2017,53,45,0,,
1/3/2017,59,44,0,,
1/4/2017,61,49,0.09,,
1/5/2017,58,45,0.17,,
1/6/2017,54,38,0,,
1/7/2017,63,47,0.2,,
1/8/2017,76,57,0.24,,
1/9/2017,64,53,0.23,,
1/10/2017,63,52,0,,
1/11/2017,64,50,0,,
1/12/2017,58,48,0.56,,
1/13/2017,48,41,0.13,,
1/14/2017,48,38,0,,
1/15/2017,46,43,0,,
1/16/2017,51,37,0,,
1/17/2017,62,34,0,,
1/18/2017,55,37,0.09,,
1/19/2017,58,45,0.16,,
1/20/2017,54,46,0.63,,
1/21/2017,58,39,0,,
1/22/2017,60,49,0.13,,
1/23/2017,53,41,0.13,,
1/24/2017,55,38,0,,
1/25/2017,55,35,0,,
1/26/2017,55,36,0,,
1/27/2017,57,34,0,,
1/28/2017,60,34,0,,
1/29/2017,63,36,0,,
1/30/2017,64,39,0,,
1/31/2017,67,41,0,,
2/1/2017,73,42,0,,
2/2/2017,68,50,0,,
2/3/2017,72,54,0.09,,
2/4/2017,66,48,0,,
2/5/2017,61,46,0.05,,
2/6/2017,66,54,0.15,,
2/7/2017,72,54,0.06,,
2/8/2017,74,55,0,,
2/9/2017,74,56,0,,
2/10/2017,62,56,0.38,,
2/11/2017,58,47,0.07,,
2/12/2017,64,44,0,,
2/13/2017,67,43,0,,
2/14/2017,67,50,0,,
2/15/2017,75,47,0,,
2/16/2017,64,47,0.15,,
2/17/2017,65,54,0.23,,
2/18/2017,65,49,0,,
2/19/2017,62,50,0.24,,
2/20/2017,73,53,0.04,,
2/21/2017,72,53,0,,
2/22/2017,59,42,0,,
2/23/2017,53,37,0,,
2/24/2017,57,34,0,,
2/25/2017,52,33,0,,
2/26/2017,57,39,0,,
2/27/2017,55,46,0,,
2/28/2017,60,36,0,,
3/1/2017,64,36,0,,
3/2/2017,69,38,0,,
3/3/2017,70,40,0,,
3/4/2017,73,44,0,,
3/5/2017,60,40,0.04,,
3/6/2017,58,34,0,,
3/7/2017,64,38,0,,
3/8/2017,66,42,0,,
3/9/2017,74,44,0,,
3/10/2017,72,49,0,,
3/11/2017,76,49,0,,
3/12/2017,76,54,0,,
3/13/2017,80,53,0,,
3/14/2017,85,53,0,,
3/15/2017,90,55,0,,
3/16/2017,76,51,0,,
3/17/2017,81,54,0,,
3/18/2017,83,56,0,,
3/19/2017,76,52,0,,
3/20/2017,75,54,0,,
3/21/2017,75,58,0.03,,
3/22/2017,68,51,0.04,,
3/23/2017,63,47,0,,
3/24/2017,76,43,0.02,,
3/25/2017,67,50,0.03,,
3/26/2017,70,50,0,,
3/27/2017,68,49,0,,
3/28/2017,71,46,0,,
3/29/2017,78,49,0,,
3/30/2017,73,50,0,,
3/31/2017,68,41,0,,
4/1/2017,79,48,0,,
4/2/2017,84,50,0,,
4/3/2017,80,51,0,,
4/4/2017,85,50,0,,
4/5/2017,90,52,0,,
4/6/2017,82,58,0,,
4/7/2017,82,60,0.02,,
4/8/2017,68,44,0,,
4/9/2017,69,40,0,,
4/10/2017,72,43,0,,
4/11/2017,77,48,0,,
4/12/2017,83,52,0,,
4/13/2017,74,55,0,,
4/14/2017,67,46,0,,
4/15/2017,75,42,0,,
4/16/2017,87,51,0,,
4/17/2017,83,58,0,,
4/18/2017,67,59,0.33,,
4/19/2017,75,53,0,,
4/20/2017,76,51,0,,
4/21/2017,79,52,0,,
4/22/2017,84,54,0,,
4/23/2017,78,54,0,,
4/24/2017,76,51,0,,
4/25/2017,73,52,0,,
4/26/2017,78,51,0,,
4/27/2017,78,57,0,,
4/28/2017,78,48,0,,
4/29/2017,84,50,0,,
4/30/2017,88,54,0,,
5/1/2017,89,59,0,,
5/2/2017,93,63,0,,
5/3/2017,97,69,0,,
5/4/2017,104,70,0,,
5/5/2017,87,66,0,,
5/6/2017,67,51,0.05,,
5/7/2017,74,50,0,,
5/8/2017,81,56,0,,
5/9/2017,89,57,0,,
5/10/2017,83,61,0,,
5/11/2017,84,58,0,,
5/12/2017,67,52,0,,
5/13/2017,73,46,0,,
5/14/2017,76,45,0,,
5/15/2017,75,55,0,,
5/16/2017,80,58,0,,
5/17/2017,75,57,0,,
5/18/2017,82,52,0,,
5/19/2017,92,56,0,,
5/20/2017,96,63,0,,
5/21/2017,99,65,0,,
5/22/2017,101,68,0,,
5/23/2017,102,69,0,,
5/24/2017,99,69,0,,
5/25/2017,81,60,0,,
5/26/2017,77,58,0,,
5/27/2017,83,57,0,,
5/28/2017,90,62,0,,
5/29/2017,93,68,0,,
5/30/2017,92,68,0,,
5/31/2017,78,65,0.01,,
6/1/2017,86,62,0,,
6/2/2017,92,66,0,,
6/3/2017,97,70,0,,
6/4/2017,99,69,0,,
6/5/2017,96,63,0,,
6/6/2017,97,66,0,,
6/7/2017,96,66,0,,
6/8/2017,91,65,0,,
6/9/2017,89,65,0,,
6/10/2017,79,61,0,,
6/11/2017,75,57,0,,
6/12/2017,76,52,0,,
6/13/2017,83,55,0,,
6/14/2017,91,58,0,,
6/15/2017,96,68,0,,
6/16/2017,96,68,0,,
6/17/2017,100,74,0,,
6/18/2017,105,81,0,,
6/19/2017,109,80,0,,
6/20/2017,110,83,0,,
6/21/2017,110,81,0,,
6/22/2017,110,81,0,,
6/23/2017,106,80,0,,
6/24/2017,106,79,0,,
6/25/2017,110,76,0,,
6/26/2017,104,71,0,,
6/27/2017,95,68,0,,
6/28/2017,96,67,0,,
6/29/2017,98,71,0,,
6/30/2017,97,70,0,,
7/1/2017,99,72,0,,
7/2/2017,100,71,0,,
7/3/2017,102,72,0,,
7/4/2017,106,70,0,,
7/5/2017,101,71,0,,
7/6/2017,102,75,0,,
7/7/2017,103,79,0,,
7/8/2017,107,83,0,,
7/9/2017,106,85,0,,
7/10/2017,104,83,0,,
7/11/2017,104,78,0,,
7/12/2017,103,74,0,,
7/13/2017,105,73,0,,
7/14/2017,104,77,0,,
7/15/2017,102,74,0,,
7/16/2017,103,80,0,,
7/17/2017,106,79,0,,
7/18/2017,101,74,0,,
7/19/2017,100,71,0,,
7/20/2017,99,70,0,,
7/21/2017,97,70,0,,
7/22/2017,100,73,0,,
7/23/2017,106,77,0,,
7/24/2017,103,77,0,,
7/25/2017,100,75,0,,
7/26/2017,100,75,0,,
7/27/2017,103,77,0,,
7/28/2017,106,77,0,,
7/29/2017,106,75,0,,
7/30/2017,105,76,0,,
7/31/2017,104,76,0,,
8/1/2017,105,80,0,,
8/2/2017,103,86,0,,
8/3/2017,98,85,0,,
8/4/2017,103,79,0,,
8/5/2017,101,77,0,,
8/6/2017,102,74,0,,
8/7/2017,100,72,0,,
8/8/2017,101,72,0,,
8/9/2017,102,74,0,,
8/10/2017,102,73,0,,
8/11/2017,101,74,0,,
8/12/2017,102,74,0,,
8/13/2017,103,74,0,,
8/14/2017,96,70,0,,
8/15/2017,89,65,0,,
8/16/2017,91,66,0,,
8/17/2017,95,73,0,,
8/18/2017,100,76,0,,
8/19/2017,101,76,0,,
8/20/2017,98,74,0,,
8/21/2017,94,73,0,,
8/22/2017,96,71,0,,
8/23/2017,98,73,0,,
8/24/2017,97,74,0,,
8/25/2017,100,76,0,,
8/26/2017,104,77,0,,
8/27/2017,109,79,0,,
8/28/2017,108,79,0,,
8/29/2017,112,82,0,,
8/30/2017,102,79,0,,
8/31/2017,104,78,0,,
9/1/2017,108,82,0,,
9/2/2017,111,79,0,,
9/3/2017,111,81,0.01,,
9/4/2017,101,81,0,,
9/5/2017,98,77,0,,
9/6/2017,98,76,0,,
9/7/2017,94,71,0,,
9/8/2017,91,67,0,,
9/9/2017,95,69,0,,
9/10/2017,99,75,0,,
9/11/2017,100,77,0,,
9/12/2017,99,75,0,,
9/13/2017,92,69,0.5,,
9/14/2017,84,66,0,,
9/15/2017,84,64,0,,
9/16/2017,87,64,0,,
9/17/2017,89,67,0,,
9/18/2017,90,64,0,,
9/19/2017,79,61,0,,
9/20/2017,83,58,0,,
9/21/2017,73,57,0.01,,
9/22/2017,75,52,0,,
9/23/2017,78,55,0,,
9/24/2017,84,54,0,,
9/25/2017,87,58,0,,
9/26/2017,91,59,0,,
9/27/2017,95,61,0,,
9/28/2017,95,64,0,,
9/29/2017,93,62,0,,
9/30/2017,86,61,0,,
10/1/2017,84,60,0,,
10/2/2017,77,52,0,,
10/3/2017,80,53,0,,
10/4/2017,79,50,0,,
10/5/2017,81,52,0,,
10/6/2017,86,52,0,,
10/7/2017,89,54,0,,
10/8/2017,85,58,0,,
10/9/2017,88,56,0,,
10/10/2017,91,63,0,,
10/11/2017,82,54,0,,
10/12/2017,72,48,0,,
10/13/2017,76,48,0,,
10/14/2017,76,50,0,,
10/15/2017,88,47,0,,
10/16/2017,84,52,0,,
10/17/2017,90,56,0,,
10/18/2017,85,61,0,,
10/19/2017,83,56,0,,
10/20/2017,70,51,0,,
10/21/2017,70,48,0,,
10/22/2017,75,49,0,,
10/23/2017,80,51,0,,
10/24/2017,89,56,0,,
10/25/2017,91,58,0,,
10/26/2017,94,57,0,,
10/27/2017,89,58,0,,
10/28/2017,89,55,0,,
10/29/2017,86,55,0,,
10/30/2017,82,57,0,,
10/31/2017,68,51,0,,
11/1/2017,71,50,0,,
11/2/2017,69,52,0,,
11/3/2017,73,54,0,,
11/4/2017,73,51,0,,
11/5/2017,66,52,0.02,,
11/6/2017,65,49,0,,
11/7/2017,71,44,0,,
11/8/2017,79,48,0,,
11/9/2017,75,53,0,,
11/10/2017,71,51,0,,
11/11/2017,68,48,0,,
11/12/2017,66,50,0,,
11/13/2017,69,47,0,,
11/14/2017,70,49,0,,
11/15/2017,75,50,0,,
11/16/2017,79,62,0,,
11/17/2017,68,54,0.01,,
11/18/2017,65,46,0,,
11/19/2017,68,42,0,,
11/20/2017,72,46,0,,
11/21/2017,75,53,0,,
11/22/2017,78,49,0,,
11/23/2017,77,50,0,,
11/24/2017,76,53,0,,
11/25/2017,77,51,0,,
11/26/2017,84,53,0,,
11/27/2017,68,43,0,,
11/28/2017,62,39,0,,
11/29/2017,62,42,0,,
11/30/2017,64,41,0,,
12/1/2017,65,42,0,,
12/2/2017,66,40,0,,
12/3/2017,58,43,0,,
12/4/2017,59,39,0,,
12/5/2017,61,31,0,,
12/6/2017,65,33,0,,
12/7/2017,67,35,0,,
12/8/2017,67,37,0,,
12/9/2017,67,35,0,,
12/10/2017,68,36,0,,
12/11/2017,67,39,0,,
12/12/2017,64,34,0,,
12/13/2017,63,34,0,,
12/14/2017,64,35,0,,
12/15/2017,68,35,0,,
12/16/2017,59,42,0,,
12/17/2017,62,37,0,,
12/18/2017,67,35,0,,
12/19/2017,68,36,0,,
12/20/2017,58,38,0.04,,
12/21/2017,53,33,0,,
12/22/2017,60,30,0,,
12/23/2017,56,34,0,,
12/24/2017,60,39,0,,
12/25/2017,58,36,0,,
12/26/2017,65,41,0,,
12/27/2017,62,37,0,,
12/28/2017,62,38,0,,
12/29/2017,66,36,0,,
12/30/2017,69,38,0,,
12/31/2017,69,41,0,,
1/1/2018,64,39,0,,
1/2/2018,63,44,0,,
1/3/2018,72,42,0,,
1/4/2018,69,48,0,,
1/5/2018,75,49,0,,
1/6/2018,70,58,0,,
1/7/2018,68,56,0,,
1/8/2018,69,57,0.06,,
1/9/2018,70,53,0.75,,
1/10/2018,58,54,0,,
1/11/2018,65,47,0,,
1/12/2018,62,47,0,,
1/13/2018,53,47,0,,
1/14/2018,61,47,0,,
1/15/2018,67,43,0,,
1/16/2018,61,49,0,,
1/17/2018,54,46,0,,
1/18/2018,59,45,0,,
1/19/2018,52,41,0.15,,
1/20/2018,54,39,0,,
1/21/2018,57,34,0,,
1/22/2018,60,37,0,,
1/23/2018,60,38,0,,
1/24/2018,73,36,0,,
1/25/2018,56,40,0.07,,
1/26/2018,58,37,0,,
1/27/2018,58,37,0,,
1/28/2018,65,38,0,,
1/29/2018,66,40,0,,
1/30/2018,70,44,0,,
1/31/2018,69,42,0,,
2/1/2018,70,43,0,,
2/2/2018,73,47,0,,
2/3/2018,75,46,0,,
2/4/2018,76,46,0,,
2/5/2018,75,48,0,,
2/6/2018,75,46,0,,
2/7/2018,81,47,0,,
2/8/2018,78,50,0,,
2/9/2018,77,48,0,,
2/10/2018,75,50,0,,
2/11/2018,72,40,0,,
2/12/2018,61,41,0,,
2/13/2018,66,39,0,,
2/14/2018,67,47,0,,
2/15/2018,63,40,0,,
2/16/2018,68,41,0,,
2/17/2018,73,41,0,,
2/18/2018,73,42,0,,
2/19/2018,54,33,0,,
2/20/2018,55,32,0,,
2/21/2018,58,31,0,,
2/22/2018,61,33,0,,
2/23/2018,55,37,0,,
2/24/2018,59,32,0,,
2/25/2018,63,34,0,,
2/26/2018,62,39,0.22,,
2/27/2018,52,39,0,,
2/28/2018,60,34,0,,
3/1/2018,69,45,0,,
3/2/2018,62,50,0.15,,
3/3/2018,56,41,0.1,,
3/4/2018,58,38,0,,
3/5/2018,64,37,0,,
3/6/2018,73,39,0,,
3/7/2018,74,47,0,,
3/8/2018,78,47,0,,
3/9/2018,78,51,0,,
3/10/2018,73,55,0.14,,
3/11/2018,67,55,0,,
3/12/2018,78,51,0,,
3/13/2018,77,55,0.14,,
3/14/2018,64,52,0.32,,
3/15/2018,62,48,0.06,,
3/16/2018,65,43,0.15,,
3/17/2018,61,44,0.03,,
3/18/2018,62,44,0,,
3/19/2018,71,44,0,,
3/20/2018,74,52,0.11,,
3/21/2018,67,54,0.93,,
3/22/2018,74,56,0.28,,
3/23/2018,62,49,0,,
3/24/2018,65,46,0,,
3/25/2018,61,42,0,,
3/26/2018,63,41,0,,
3/27/2018,72,43,0,,
3/28/2018,78,49,0,,
3/29/2018,82,51,0,,
3/30/2018,86,54,0,,
3/31/2018,85,60,0,,
4/1/2018,83,57,0,,
4/2/2018,79,55,0,,
4/3/2018,82,56,0,,
4/4/2018,85,56,0,,
4/5/2018,81,56,0,,
4/6/2018,76,56,0,,
4/7/2018,74,57,0.13,,
4/8/2018,71,49,0,,
4/9/2018,83,52,0,,
4/10/2018,94,60,0,,
4/11/2018,79,55,0,,
4/12/2018,67,48,0,,
4/13/2018,72,45,0,,
4/14/2018,81,51,0,,
4/15/2018,85,55,0,,
4/16/2018,67,46,0.07,,
4/17/2018,66,42,0,,
4/18/2018,73,45,0,,
4/19/2018,71,51,0,,
4/20/2018,78,52,0,,
4/21/2018,86,52,0,,
4/22/2018,92,58,0,,
4/23/2018,94,63,0,,
4/24/2018,93,63,0,,
4/25/2018,91,64,0,,
4/26/2018,89,62,0,,
4/27/2018,76,53,0,,
4/28/2018,76,52,0,,
4/29/2018,69,50,0,,
4/30/2018,74,54,0,,
5/1/2018,73,53,0,,
5/2/2018,78,54,0,,
5/3/2018,85,56,0,,
5/4/2018,90,59,0,,
5/5/2018,92,63,0,,
5/6/2018,83,62,0,,
5/7/2018,88,60,0,,
5/8/2018,91,62,0,,
5/9/2018,88,63,0,,
5/10/2018,86,60,0,,
5/11/2018,85,63,0,,
5/12/2018,84,58,0,,
5/13/2018,82,59,0,,
5/14/2018,84,59,0,,
5/15/2018,84,60,0,,
5/16/2018,79,59,0,,
5/17/2018,80,53,0,,
5/18/2018,85,60,0,,
5/19/2018,89,64,0,,
5/20/2018,83,59,0,,
5/21/2018,79,57,0,,
5/22/2018,87,61,0,,
5/23/2018,87,62,0,,
5/24/2018,83,59,0,,
5/25/2018,76,59,0,,
5/26/2018,77,57,0.02,,
5/27/2018,84,58,0,,
5/28/2018,94,66,0,,
5/29/2018,100,70,0,,
5/30/2018,91,64,0,,
5/31/2018,81,56,0,,
6/1/2018,83,54,0,,
6/2/2018,94,63,0,,
6/3/2018,105,71,0,,
6/4/2018,101,72,0,,
6/5/2018,94,65,0,,
6/6/2018,89,65,0,,
6/7/2018,87,60,0,,
6/8/2018,89,62,0,,
6/9/2018,88,64,0,,
6/10/2018,80,56,0,,
6/11/2018,88,61,0,,
6/12/2018,97,67,0,,
6/13/2018,105,72,0,,
6/14/2018,101,73,0,,
6/15/2018,98,70,0,,
6/16/2018,89,62,0,,
6/17/2018,78,59,0,,
6/18/2018,86,61,0,,
6/19/2018,93,67,0,,
6/20/2018,97,71,0,,
6/21/2018,97,68,0,,
6/22/2018,99,70,0,,
6/23/2018,101,74,0,,
6/24/2018,103,73,0,,
6/25/2018,97,71,0,,
6/26/2018,101,73,0,,
6/27/2018,101,71,0,,
6/28/2018,94,68,0,,
6/29/2018,93,68,0,,
6/30/2018,99,73,0,,
7/1/2018,103,77,0,,
7/2/2018,100,75,0,,
7/3/2018,99,74,0,,
7/4/2018,94,70,0,,
7/5/2018,96,67,0,,
7/6/2018,100,73,0,,
7/7/2018,100,76,0,,
7/8/2018,102,76,0,,
7/9/2018,97,75,0,,
7/10/2018,99,78,0,,
7/11/2018,103,74,0,,
7/12/2018,104,77,0,,
7/13/2018,103,78,0,,
7/14/2018,102,79,0,,
7/15/2018,105,79,0,,
7/16/2018,103,77,0,,
7/17/2018,104,77,0,,
7/18/2018,104,79,0,,
7/19/2018,108,81,0,,
7/20/2018,105,81,0,,
7/21/2018,100,78,0,,
7/22/2018,100,77,0,,
7/23/2018,100,77,0,,
7/24/2018,102,79,0,,
7/25/2018,102,78,0,,
7/26/2018,105,81,0,,
7/27/2018,106,80,0,,
7/28/2018,107,78,0,,
7/29/2018,105,78,0,,
7/30/2018,102,79,0,,
7/31/2018,104,80,0,,
8/1/2018,106,79,0,,
8/2/2018,104,76,0,,
8/3/2018,102,74,0,,
8/4/2018,100,73,0,,
8/5/2018,98,69,0,,
8/6/2018,96,69,0,,
8/7/2018,99,72,0,,
8/8/2018,104,73,0,,
8/9/2018,104,74,0,,
8/10/2018,103,76,0,,
8/11/2018,101,75,0,,
8/12/2018,104,75,0,,
8/13/2018,101,74,0,,
8/14/2018,100,73,0,,
8/15/2018,98,70,0,,
8/16/2018,99,71,0,,
8/17/2018,101,75,0,,
8/18/2018,102,77,0,,
8/19/2018,105,74,0,,
8/20/2018,104,75,0,,
8/21/2018,98,69,0,,
8/22/2018,93,65,0,,
8/23/2018,93,68,0,,
8/24/2018,94,64,0,,
8/25/2018,96,67,0,,
8/26/2018,97,69,0,,
8/27/2018,96,67,0,,
8/28/2018,90,64,0,,
8/29/2018,89,65,0,,
8/30/2018,85,63,0,,
8/31/2018,86,62,0,,
9/1/2018,91,66,0,,
9/2/2018,95,68,0,,
9/3/2018,98,72,0,,
9/4/2018,100,73,0,,
9/5/2018,101,74,0,,
9/6/2018,97,72,0,,
9/7/2018,98,73,0,,
9/8/2018,100,73,0,,
9/9/2018,97,70,0,,
9/10/2018,96,68,0,,
9/11/2018,95,66,0,,
9/12/2018,92,64,0,,
9/13/2018,84,62,0,,
9/14/2018,85,58,0,,
9/15/2018,87,62,0,,
9/16/2018,83,59,0,,
9/17/2018,86,60,0,,
9/18/2018,86,59,0,,
9/19/2018,86,62,0,,
9/20/2018,89,64,0,,
9/21/2018,97,63,0,,
9/22/2018,95,65,0,,
9/23/2018,95,67,0,,
9/24/2018,94,64,0,,
9/25/2018,94,63,0,,
9/26/2018,96,66,0,,
9/27/2018,98,68,0,,
9/28/2018,98,68,0,,
9/29/2018,81,59,0,,
9/30/2018,82,58,0,,
10/1/2018,88,63,0,,
10/2/2018,89,68,0,,
10/3/2018,78,67,0,,
10/4/2018,80,62,0,,
10/5/2018,78,57,0,,
10/6/2018,78,59,0,,
10/7/2018,77,58,0,,
10/8/2018,83,56,0,,
10/9/2018,84,56,0,,
10/10/2018,80,57,0,,
10/11/2018,74,57,0,,
10/12/2018,79,56,0,,
10/13/2018,84,59,0,,
10/14/2018,84,57,0,,
10/15/2018,81,60,0,,
10/16/2018,82,53,0,,
10/17/2018,85,53,0,,
10/18/2018,85,55,0,,
10/19/2018,84,53,0,,
10/20/2018,87,55,0,,
10/21/2018,84,56,0,,
10/22/2018,83,57,0,,
10/23/2018,80,56,0,,
10/24/2018,79,54,0,,
10/25/2018,79,54,0,,
10/26/2018,82,56,0,,
10/27/2018,85,57,0,,
10/28/2018,81,56,0,,
10/29/2018,73,55,0,,
10/30/2018,70,52,0,,
10/31/2018,76,49,0,,
11/1/2018,75,49,0,,
11/2/2018,81,53,0,,
11/3/2018,78,52,0,,
11/4/2018,79,56,0,,
11/5/2018,75,53,0,,
11/6/2018,74,51,0,,
11/7/2018,74,47,0,,
11/8/2018,69,46,0,,
11/9/2018,72,40,0,,
11/10/2018,68,41,0,,
11/11/2018,71,38,0,,
11/12/2018,74,39,0,,
11/13/2018,74,42,0,,
11/14/2018,68,41,0,,
11/15/2018,72,41,0,,
11/16/2018,68,42,0,,
11/17/2018,74,42,0,,
11/18/2018,70,44,0,,
11/19/2018,67,43,0,,
11/20/2018,75,40,0,,
11/21/2018,73,43,0.05,,
11/22/2018,67,50,0.27,,
11/23/2018,64,50,0.01,,
11/24/2018,63,56,0.01,,
11/25/2018,66,53,0,,
11/26/2018,69,47,0,,
11/27/2018,70,48,0,,
11/28/2018,61,50,0.12,,
11/29/2018,64,54,0.21,,
11/30/2018,59,49,0.01,,
12/1/2018,60,46,0.19,,
12/2/2018,56,43,0,,
12/3/2018,61,43,0,,
12/4/2018,69,44,0,,
12/5/2018,63,51,0.02,,
12/6/2018,55,46,0.31,,
12/7/2018,53,45,0,,
12/8/2018,54,42,0,,
12/9/2018,59,47,0,,
12/10/2018,53,48,0,,
12/11/2018,53,47,0,,
12/12/2018,59,44,0,,
12/13/2018,61,40,0,,
12/14/2018,65,43,0,,
12/15/2018,66,39,0,,
12/16/2018,69,40,0,,
12/17/2018,64,51,0,,
12/18/2018,61,50,0,,
12/19/2018,63,46,0,,
12/20/2018,63,42,0,,
12/21/2018,60,47,0,,
12/22/2018,56,50,0,,
12/23/2018,57,49,0,,
12/24/2018,61,44,0,,
12/25/2018,57,47,0.1,,
12/26/2018,55,40,0,,
12/27/2018,52,38,0,,
12/28/2018,51,35,0,,
12/29/2018,56,31,0,,
12/30/2018,57,33,0,,
12/31/2018,50,35,0,,
1/1/2019,51,31,0,,
1/2/2019,55,31,0,,
1/3/2019,60,32,0,,
1/4/2019,65,33,0,,
1/5/2019,62,43,0.1,,
1/6/2019,60,43,0.01,,
1/7/2019,67,51,0.05,,
1/8/2019,70,52,0,,
1/9/2019,68,47,0.11,,
1/10/2019,57,49,0,,
1/11/2019,70,46,0,,
1/12/2019,65,50,0.01,,
1/13/2019,68,45,0,,
1/14/2019,62,47,0.01,,
1/15/2019,66,44,0.02,,
1/16/2019,72,45,0,,
1/17/2019,66,51,0.66,,
1/18/2019,59,47,0,,
1/19/2019,65,44,0,,
1/20/2019,65,47,0,,
1/21/2019,55,43,0,,
1/22/2019,57,40,0,,
1/23/2019,58,37,0,,
1/24/2019,62,38,0,,
1/25/2019,62,38,0,,
1/26/2019,66,42,0,,
1/27/2019,65,43,0,,
1/28/2019,67,44,0,,
1/29/2019,65,48,0,,
1/30/2019,72,47,0,,
1/31/2019,61,49,0.41,,
2/1/2019,64,45,0,,
2/2/2019,67,51,0.1,,
2/3/2019,64,52,0.14,,
2/4/2019,61,47,0.09,,
2/5/2019,52,37,0.01,,
2/6/2019,51,34,0,,
2/7/2019,57,32,0,,
2/8/2019,60,32,0,,
2/9/2019,59,46,0.05,,
2/10/2019,52,36,0.12,,
2/11/2019,54,33,0,,
2/12/2019,60,32,0,,
2/13/2019,67,52,0.01,,
2/14/2019,67,47,0.26,,
2/15/2019,57,43,0.05,,
2/16/2019,56,38,0.01,,
2/17/2019,53,36,0.03,,
2/18/2019,51,36,0,,
2/19/2019,53,36,0,,
2/20/2019,53,34,0.02,,
2/21/2019,49,39,0.18,,
2/22/2019,54,33,0,,
2/23/2019,58,33,0,,
2/24/2019,63,35,0,,
2/25/2019,73,41,0,,
2/26/2019,71,45,0,,
2/27/2019,69,48,0.13,,
2/28/2019,68,52,0,,
3/1/2019,62,50,0.01,,
3/2/2019,71,54,0.58,,
3/3/2019,68,50,0,,
3/4/2019,60,50,0.01,,
3/5/2019,62,51,0.85,,
3/6/2019,72,54,0.42,,
3/7/2019,65,47,0.04,,
3/8/2019,58,44,0.01,,
3/9/2019,60,38,0,,
3/10/2019,62,46,0,,
3/11/2019,61,41,0,,
3/12/2019,68,47,0,,
3/13/2019,61,40,0,,
3/14/2019,69,37,0,,
3/15/2019,70,39,0,,
3/16/2019,73,41,0,,
3/17/2019,77,45,0,,
3/18/2019,82,48,0,,
3/19/2019,78,51,0.01,,
3/20/2019,67,47,0.02,,
3/21/2019,63,47,0,,
3/22/2019,68,45,0,,
3/23/2019,61,47,0.02,,
3/24/2019,71,44,0,,
3/25/2019,80,46,0,,
3/26/2019,76,47,0,,
3/27/2019,76,52,0,,
3/28/2019,69,48,0.04,,
3/29/2019,68,45,0,,
3/30/2019,71,44,0,,
3/31/2019,78,48,0,,
4/1/2019,82,52,0,,
4/2/2019,77,57,0.01,,
4/3/2019,74,55,0,,
4/4/2019,69,53,0,,
4/5/2019,69,53,0,,
4/6/2019,76,49,0,,
4/7/2019,78,52,0,,
4/8/2019,83,60,0,,
4/9/2019,73,54,0,,
4/10/2019,71,45,0,,
4/11/2019,72,49,0,,
4/12/2019,71,50,0,,
4/13/2019,82,48,0,,
4/14/2019,84,54,0,,
4/15/2019,79,52,0,,
4/16/2019,70,53,0.04,,
4/17/2019,78,50,0,,
4/18/2019,90,54,0,,
4/19/2019,92,62,0,,
4/20/2019,79,56,0,,
4/21/2019,72,48,0,,
4/22/2019,82,55,0,,
4/23/2019,90,58,0,,
4/24/2019,94,62,0,,
4/25/2019,96,65,0,,
4/26/2019,96,68,0,,
4/27/2019,91,66,0,,
4/28/2019,89,60,0,,
4/29/2019,77,59,0.06,,
4/30/2019,76,55,0,,
5/1/2019,79,59,0,,
5/2/2019,83,55,0,,
5/3/2019,86,57,0,,
5/4/2019,89,56,0,,
5/5/2019,83,56,0,,
5/6/2019,77,59,0,,
5/7/2019,81,55,0,,
5/8/2019,84,58,0,,
5/9/2019,83,61,0.01,,
5/10/2019,75,59,0.31,,
5/11/2019,83,61,0,,
5/12/2019,89,62,0,,
5/13/2019,87,62,0,,
5/14/2019,88,60,0,,
5/15/2019,82,66,0,,
5/16/2019,69,54,0.24,,
5/17/2019,70,50,0,,
5/18/2019,74,51,0.52,,
5/19/2019,69,53,0.33,,
5/20/2019,69,52,0,,
5/21/2019,70,50,0,,
5/22/2019,66,52,0,,
5/23/2019,77,58,0.07,,
5/24/2019,80,57,0,,
5/25/2019,85,55,0,,
5/26/2019,69,51,0.09,,
5/27/2019,68,49,0,,
5/28/2019,75,59,0,,
5/29/2019,85,58,0,,
5/30/2019,91,62,0,,
5/31/2019,88,62,0,,
6/1/2019,94,66,0,,
6/2/2019,92,65,0.23,,
6/3/2019,91,66,0,,
6/4/2019,98,70,0,,
6/5/2019,101,73,0,,
6/6/2019,95,70,0,,
6/7/2019,84,62,0,,
6/8/2019,86,58,0,,
6/9/2019,100,63,0,,
6/10/2019,104,71,0,,
6/11/2019,105,74,0,,
6/12/2019,108,74,0,,
6/13/2019,99,75,0,,
6/14/2019,96,70,0,,
6/15/2019,97,68,0,,
6/16/2019,94,65,0,,
6/17/2019,98,71,0,,
6/18/2019,100,75,0,,
6/19/2019,103,78,0,,
6/20/2019,96,69,0,,
6/21/2019,88,65,0,,
6/22/2019,93,67,0,,
6/23/2019,98,69,0,,
6/24/2019,100,72,0,,
6/25/2019,98,69,0,,
6/26/2019,90,68,0,,
6/27/2019,84,60,0,,
6/28/2019,89,61,0,,
6/29/2019,92,64,0,,
6/30/2019,96,66,0,,
7/1/2019,93,65,0,,
7/2/2019,93,66,0,,
7/3/2019,92,65,0,,
7/4/2019,93,66,0,,
7/5/2019,96,70,0,,
7/6/2019,100,71,0,,
7/7/2019,95,71,0,,
7/8/2019,92,66,0,,
7/9/2019,93,64,0,,
7/10/2019,94,66,0,,
7/11/2019,96,70,0,,
7/12/2019,99,71,0,,
7/13/2019,102,74,0,,
7/14/2019,104,75,0,,
7/15/2019,99,72,0,,
7/16/2019,97,72,0,,
7/17/2019,99,69,0,,
7/18/2019,100,72,0,,
7/19/2019,97,69,0,,
7/20/2019,96,71,0,,
7/21/2019,99,71,0,,
7/22/2019,103,75,0,,
7/23/2019,99,79,0,,
7/24/2019,103,76,0,,
7/25/2019,100,80,0,,
7/26/2019,106,80,0,,
7/27/2019,106,76,0,,
7/28/2019,110,79,0,,
7/29/2019,105,75,0,,
7/30/2019,99,73,0,,
7/31/2019,101,68,0,,
8/1/2019,100,70,0,,
8/2/2019,97,69,0,,
8/3/2019,98,73,0,,
8/4/2019,103,74,0,,
8/5/2019,101,75,0,,
8/6/2019,103,75,0,,
8/7/2019,102,76,0,,
8/8/2019,97,71,0,,
8/9/2019,92,66,0,,
8/10/2019,92,66,0,,
8/11/2019,90,65,0,,
8/12/2019,94,68,0,,
8/13/2019,98,71,0,,
8/14/2019,103,71,0,,
8/15/2019,105,76,0,,
8/16/2019,108,78,0,,
8/17/2019,102,73,0,,
8/18/2019,97,71,0,,
8/19/2019,95,67,0,,
8/20/2019,93,66,0,,
8/21/2019,94,69,0,,
8/22/2019,97,71,0,,
8/23/2019,102,73,0,,
8/24/2019,101,76,0,,
8/25/2019,101,76,0,,
8/26/2019,100,76,0,,
8/27/2019,102,78,0,,
8/28/2019,102,78,0,,
8/29/2019,98,73,0,,
8/30/2019,93,69,0,,
8/31/2019,98,72,0,,
9/1/2019,101,74,0,,
9/2/2019,102,78,0,,
9/3/2019,100,76,0,,
9/4/2019,101,77,0,,
9/5/2019,101,78,0.02,,
9/6/2019,99,73,0,,
9/7/2019,99,68,0,,
9/8/2019,83,58,0,,
9/9/2019,87,64,0,,
9/10/2019,83,59,0,,
9/11/2019,85,62,0,,
9/12/2019,94,62,0,,
9/13/2019,97,67,0,,
9/14/2019,101,70,0,,
9/15/2019,99,69,0,,
9/16/2019,86,62,0,,
9/17/2019,81,58,0,,
9/18/2019,85,59,0,,
9/19/2019,79,62,0,,
9/20/2019,83,59,0,,
9/21/2019,88,61,0,,
9/22/2019,92,61,0,,
9/23/2019,89,63,0,,
9/24/2019,91,66,0,,
9/25/2019,101,67,0,,
9/26/2019,96,71,0,,
9/27/2019,86,65,0,,
9/28/2019,80,56,0,,
9/29/2019,71,50,0,,
9/30/2019,71,48,0,,
10/1/2019,71,48,0,,
10/2/2019,78,50,0,,
10/3/2019,81,53,0,,
10/4/2019,76,51,0,,
10/5/2019,79,51,0,,
10/6/2019,87,54,0,,
10/7/2019,89,58,0,,
10/8/2019,91,59,0,,
10/9/2019,83,57,0,,
10/10/2019,79,51,0,,
10/11/2019,83,47,0,,
10/12/2019,82,47,0,,
10/13/2019,86,48,0,,
10/14/2019,80,52,0,,
10/15/2019,83,51,0,,
10/16/2019,84,54,0,,
10/17/2019,74,54,0,,
10/18/2019,72,49,0,,
10/19/2019,73,49,0,,
10/20/2019,75,53,0,,
10/21/2019,79,53,0,,
10/22/2019,82,53,0,,
10/23/2019,83,57,0,,
10/24/2019,88,53,0,,
10/25/2019,88,53,0,,
10/26/2019,87,56,0,,
10/27/2019,70,52,0,,
10/28/2019,73,42,0,,
10/29/2019,71,45,0,,
10/30/2019,72,45,0,,
10/31/2019,71,45,0,,
11/1/2019,75,40,0,,
11/2/2019,75,42,0,,
11/3/2019,77,44,0,,
11/4/2019,80,47,0,,
11/5/2019,81,47,0,,
11/6/2019,81,50,0,,
11/7/2019,81,49,0,,
11/8/2019,80,47,0,,
11/9/2019,78,49,0,,
11/10/2019,78,50,0,,
11/11/2019,78,49,0,,
11/12/2019,81,50,0,,
11/13/2019,78,51,0,,
11/14/2019,75,51,0,,
11/15/2019,64,48,0,,
11/16/2019,69,51,0,,
11/17/2019,73,48,0,,
11/18/2019,82,49,0,,
11/19/2019,75,48,0,,
11/20/2019,55,48,0.37,,
11/21/2019,66,45,0,,
11/22/2019,67,44,0,,
11/23/2019,66,44,0,,
11/24/2019,67,43,0,,
11/25/2019,63,42,0,,
11/26/2019,55,37,0,,
11/27/2019,60,43,0.54,,
11/28/2019,54,43,0.12,,
11/29/2019,51,41,0,,
11/30/2019,54,39,0.04,,
12/1/2019,63,47,0,,
12/2/2019,70,48,0,,
12/3/2019,56,48,0,,
12/4/2019,64,50,0.2,,
12/5/2019,66,45,0,,
12/6/2019,69,49,0,,
12/7/2019,70,56,0.01,,
12/8/2019,64,47,0.3,,
12/9/2019,59,47,0,,
12/10/2019,55,42,0,,
12/11/2019,59,44,0,,
12/12/2019,68,44,0,,
12/13/2019,67,48,0,,
12/14/2019,59,45,0.02,,
12/15/2019,54,40,0,,
12/16/2019,57,38,0,,
12/17/2019,65,41,0,,
12/18/2019,61,44,0,,
12/19/2019,61,40,0,,
12/20/2019,63,37,0,,
12/21/2019,72,43,0,,
12/22/2019,74,50,0.13,,
12/23/2019,53,46,0.2,,
12/24/2019,54,44,0.01,,
12/25/2019,56,45,0.03,,
12/26/2019,50,43,0.62,,
12/27/2019,53,39,0,,
12/28/2019,56,35,0,,
12/29/2019,60,37,0,,
12/30/2019,57,42,0,,
12/31/2019,58,37,0,,
1/1/2020,59,39,0,,
1/2/2020,56,39,0,,
1/3/2020,64,38,0,,
1/4/2020,65,40,0,,
1/5/2020,51,41,0,,
1/6/2020,52,39,0,,
1/7/2020,47,36,0,,
1/8/2020,50,42,0,,
1/9/2020,51,43,0.05,,
1/10/2020,57,41,0,,
1/11/2020,54,36,0,,
1/12/2020,55,37,0,,
1/13/2020,57,33,0,,
1/14/2020,58,34,0,,
1/15/2020,57,35,0,,
1/16/2020,61,35,0.18,,
1/17/2020,53,37,0,,
1/18/2020,47,34,0,,
1/19/2020,53,42,0,,
1/20/2020,54,42,0,,
1/21/2020,62,43,0,,
1/22/2020,65,44,0,,
1/23/2020,59,42,0,,
1/24/2020,55,42,0,,
1/25/2020,66,46,0,,
1/26/2020,62,45,0.01,,
1/27/2020,63,43,0,,
1/28/2020,60,39,0,,
1/29/2020,58,40,0,,
1/30/2020,62,38,0,,
1/31/2020,65,41,0,,
2/1/2020,70,42,0,,
2/2/2020,63,38,0,,
2/3/2020,53,32,0,,
2/4/2020,54,29,0,,
2/5/2020,56,30,0,,
2/6/2020,65,35,0,,
2/7/2020,67,37,0,,
2/8/2020,71,39,0,,
2/9/2020,59,38,0,,
2/10/2020,61,35,0,,
2/11/2020,69,37,0,,
2/12/2020,72,39,0,,
2/13/2020,73,39,0,,
2/14/2020,69,38,0,,
2/15/2020,69,42,0,,
2/16/2020,73,43,0,,
2/17/2020,68,43,0,,
2/18/2020,69,46,0,,
2/19/2020,70,41,0,,
2/20/2020,79,41,0,,
2/21/2020,74,47,0,,
2/22/2020,68,51,0.01,,
2/23/2020,68,46,0,,
2/24/2020,68,48,0,,
2/25/2020,76,45,0,,
2/26/2020,82,42,0,,
2/27/2020,78,48,0,,
2/28/2020,83,53,0,,
2/29/2020,79,51,0,,
3/1/2020,63,43,0,,
3/2/2020,63,41,0,,
3/3/2020,74,43,0,,
3/4/2020,82,46,0,,
3/5/2020,85,50,0,,
3/6/2020,82,48,0,,
3/7/2020,66,51,0,,
3/8/2020,68,48,0,,
3/9/2020,69,48,0,,
3/10/2020,75,53,0.66,,
3/11/2020,67,54,0.01,,
3/12/2020,66,50,0.01,,
3/13/2020,73,55,0,,
3/14/2020,69,53,0,,
3/15/2020,69,47,0,,
3/16/2020,68,42,0.55,,
3/17/2020,61,39,0,,
3/18/2020,60,40,0,,
3/19/2020,60,46,0.02,,
3/20/2020,67,47,0,,
3/21/2020,68,50,0,,
3/22/2020,74,46,0.12,,
3/23/2020,67,49,0.13,,
3/24/2020,63,51,0,,
3/25/2020,61,45,0.07,,
3/26/2020,59,42,0,,
3/27/2020,63,40,0,,
3/28/2020,63,40,0,,
3/29/2020,66,49,0,,
3/30/2020,70,45,0,,
3/31/2020,73,48,0,,
4/1/2020,73,51,0,,
4/2/2020,68,47,0,,
4/3/2020,70,42,0,,
4/4/2020,73,43,0,,
4/5/2020,71,51,0.23,,
4/6/2020,64,49,0.46,,
4/7/2020,64,46,0.91,,
4/8/2020,51,48,0.62,,
4/9/2020,59,48,0.29,,
4/10/2020,67,48,0,,
4/11/2020,71,51,0,,
4/12/2020,75,55,0,,
4/13/2020,74,58,0,,
4/14/2020,77,55,0,,
4/15/2020,80,53,0,,
4/16/2020,85,55,0,,
4/17/2020,69,57,0.04,,
4/18/2020,65,52,0.06,,
4/19/2020,74,56,0,,
4/20/2020,71,52,0,,
4/21/2020,72,55,0,,
4/22/2020,80,59,0,,
4/23/2020,84,59,0,,
4/24/2020,86,61,0,,
4/25/2020,90,63,0,,
4/26/2020,89,64,0,,
4/27/2020,84,60,0,,
4/28/2020,88,60,0,,
4/29/2020,92,65,0,,
4/30/2020,86,61,0,,
5/1/2020,81,55,0,,
5/2/2020,83,56,0,,
5/3/2020,80,56,0,,
5/4/2020,83,53,0,,
5/5/2020,87,54,0,,
5/6/2020,81,58,0,,
5/7/2020,89,59,0,,
5/8/2020,95,63,0,,
5/9/2020,98,66,0,,
5/10/2020,95,67,0,,
5/11/2020,86,57,0,,
5/12/2020,80,57,0.01,,
5/13/2020,77,54,0,,
5/14/2020,80,54,0,,
5/15/2020,80,56,0,,
5/16/2020,84,59,0,,
5/17/2020,89,58,0,,
5/18/2020,78,58,0.15,,
5/19/2020,73,54,0,,
5/20/2020,79,53,0,,
5/21/2020,85,55,0,,
5/22/2020,87,58,0,,
5/23/2020,84,56,0,,
5/24/2020,90,59,0,,
5/25/2020,98,64,0,,
5/26/2020,102,69,0,,
5/27/2020,104,74,0,,
5/28/2020,105,75,0,,
5/29/2020,98,64,0,,
5/30/2020,83,61,0,,
5/31/2020,83,59,0,,
6/1/2020,87,65,0,,
6/2/2020,91,65,0,,
6/3/2020,99,69,0,,
6/4/2020,103,72,0,,
6/5/2020,85,67,0.02,,
6/6/2020,81,57,0,,
6/7/2020,76,53,0,,
6/8/2020,80,50,0,,
6/9/2020,92,56,0,,
6/10/2020,98,62,0,,
6/11/2020,101,68,0,,
6/12/2020,92,64,0,,
6/13/2020,79,56,0,,
6/14/2020,84,56,0,,
6/15/2020,91,64,0,,
6/16/2020,86,62,0,,
6/17/2020,87,60,0,,
6/18/2020,94,64,0,,
6/19/2020,98,67,0,,
6/20/2020,100,71,0,,
6/21/2020,98,69,0,,
6/22/2020,100,71,0,,
6/23/2020,102,73,0,,
6/24/2020,101,76,0,,
6/25/2020,104,76,0,,
6/26/2020,102,77,0,,
6/27/2020,105,79,0,,
6/28/2020,92,64,0,,
6/29/2020,85,58,0,,
6/30/2020,93,67,0,,
7/1/2020,97,71,0,,
7/2/2020,96,66,0,,
7/3/2020,96,64,0,,
7/4/2020,98,68,0,,
7/5/2020,99,69,0,,
7/6/2020,99,69,0,,
7/7/2020,95,66,0,,
7/8/2020,97,68,0,,
7/9/2020,102,69,0,,
7/10/2020,101,73,0,,
7/11/2020,106,74,0,,
7/12/2020,108,77,0,,
7/13/2020,105,77,0,,
7/14/2020,99,69,0,,
7/15/2020,98,72,0,,
7/16/2020,99,72,0,,
7/17/2020,100,73,0,,
7/18/2020,101,73,0,,
7/19/2020,103,73,0,,
7/20/2020,100,72,0,,
7/21/2020,99,70,0,,
7/22/2020,98,71,0,,
7/23/2020,93,66,0,,
7/24/2020,97,73,0,,
7/25/2020,99,71,0,,
7/26/2020,103,72,0,,
7/27/2020,101,74,0,,
7/28/2020,101,74,0,,
7/29/2020,103,73,0,,
7/30/2020,103,73,0,,
7/31/2020,101,73,0,,
8/1/2020,100,72,0,,
8/2/2020,101,70,0,,
8/3/2020,100,70,0,,
8/4/2020,99,70,0,,
8/5/2020,96,70,0,,
8/6/2020,89,64,0,,
8/7/2020,94,69,0,,
8/8/2020,97,70,0,,
8/9/2020,100,74,0,,
8/10/2020,102,75,0,,
8/11/2020,101,74,0,,
8/12/2020,102,74,0,,
8/13/2020,101,77,0,,
8/14/2020,105,77,0,,
8/15/2020,106,81,0,,
8/16/2020,107,80,0,,
8/17/2020,107,83,0,,
8/18/2020,104,82,0,,
8/19/2020,104,83,0,,
8/20/2020,97,77,0,,
8/21/2020,97,73,0,,
8/22/2020,99,76,0,,
8/23/2020,98,76,0,,
8/24/2020,102,77,0,,
8/25/2020,101,75,0,,
8/26/2020,97,75,0,,
8/27/2020,99,72,0,,
8/28/2020,100,73,0,,
8/29/2020,101,72,0,,
8/30/2020,97,72,0,,
8/31/2020,99,71,0,,
9/1/2020,96,72,0,,
9/2/2020,95,70,0,,
9/3/2020,95,69,0,,
9/4/2020,97,72,0,,
9/5/2020,103,74,0,,
9/6/2020,105,78,0,,
9/7/2020,102,80,0,,
9/8/2020,98,78,0,,
9/9/2020,98,74,0,,
9/10/2020,85,67,0,,
9/11/2020,80,60,0,,
9/12/2020,92,61,0,,
9/13/2020,95,64,0,,
9/14/2020,94,65,0,,
9/15/2020,91,68,0,,
9/16/2020,93,67,0,,
9/17/2020,91,65,0,,
9/18/2020,88,71,0,,
9/19/2020,84,62,0,,
9/20/2020,89,65,0,,
9/21/2020,94,66,0,,
9/22/2020,94,64,0,,
9/23/2020,90,66,0,,
9/24/2020,89,63,0,,
9/25/2020,88,62,0,,
9/26/2020,87,66,0,,
9/27/2020,91,66,0,,
9/28/2020,98,68,0,,
9/29/2020,103,64,0,,
9/30/2020,94,67,0,,
10/1/2020,97,68,0,,
10/2/2020,96,67,0,,
10/3/2020,94,69,0,,
10/4/2020,94,65,0,,
10/5/2020,93,67,0,,
10/6/2020,91,64,0,,
10/7/2020,90,63,0,,
10/8/2020,87,63,0,,
10/9/2020,82,56,0,,
10/10/2020,80,57,0,,
10/11/2020,79,59,0,,
10/12/2020,84,60,0,,
10/13/2020,87,59,0,,
10/14/2020,88,62,0,,
10/15/2020,88,62,0,,
10/16/2020,90,61,0,,
10/17/2020,91,62,0,,
10/18/2020,93,62,0,,
10/19/2020,90,62,0,,
10/20/2020,89,60,0,,
10/21/2020,87,59,0,,
10/22/2020,85,59,0,,
10/23/2020,76,58,0,,
10/24/2020,76,56,0,,
10/25/2020,69,55,0,,
10/26/2020,68,53,0,,
10/27/2020,75,47,0,,
10/28/2020,81,49,0,,
10/29/2020,80,49,0,,
10/30/2020,79,49,0,,
10/31/2020,80,51,0,,
11/1/2020,82,54,0,,
11/2/2020,83,56,0,,
11/3/2020,82,53,0,,
11/4/2020,79,52,0,,
11/5/2020,73,52,0,,
11/6/2020,71,51,0,,
11/7/2020,53,46,0.38,,
11/8/2020,58,43,0.01,,
11/9/2020,55,38,0,,
11/10/2020,58,37,0,,
11/11/2020,62,39,0,,
11/12/2020,65,43,0,,
11/13/2020,69,41,0,,
11/14/2020,66,46,0,,
11/15/2020,64,43,0,,
11/16/2020,72,43,0,,
11/17/2020,87,49,0,,
11/18/2020,71,49,0,,
11/19/2020,64,47,0,,
11/20/2020,58,46,0,,
11/21/2020,62,42,0,,
11/22/2020,63,40,0,,
11/23/2020,63,43,0,,
11/24/2020,65,42,0,,
11/25/2020,65,43,0,,
11/26/2020,60,39,0,,
11/27/2020,66,35,0,,
11/28/2020,63,35,0,,
11/29/2020,64,34,0,,
11/30/2020,63,38,0,,
12/1/2020,65,39,0,,
12/2/2020,67,38,0,,
12/3/2020,74,45,0,,
12/4/2020,68,37,0,,
12/5/2020,70,39,0,,
12/6/2020,65,39,0,,
12/7/2020,61,39,0,,
12/8/2020,65,39,0,,
12/9/2020,66,40,0,,
12/10/2020,64,37,0,,
12/11/2020,61,37,0,,
12/12/2020,57,44,0,,
12/13/2020,65,38,0,,
12/14/2020,57,42,0.01,,
12/15/2020,58,37,0,,
12/16/2020,58,34,0,,
12/17/2020,63,41,0,,
12/18/2020,57,41,0,,
12/19/2020,61,35,0,,
12/20/2020,57,34,0,,
12/21/2020,60,33,0,,
12/22/2020,55,32,0,,
12/23/2020,57,38,0,,
12/24/2020,59,29,0,,
12/25/2020,67,35,0,,
12/26/2020,63,44,0,,
12/27/2020,63,47,0.09,,
12/28/2020,56,44,0.21,,
12/29/2020,56,42,0,,
12/30/2020,58,36,0,,
12/31/2020,49,38,0.04,,
1/1/2021,59,34,0,,
1/2/2021,64,38,0,,
1/3/2021,62,48,0,,
1/4/2021,67,43,0,,
1/5/2021,59,47,0,,
1/6/2021,57,39,0,,
1/7/2021,58,39,0,,
1/8/2021,61,34,0,,
1/9/2021,53,41,0,,
1/10/2021,60,37,0,,
1/11/2021,61,35,0,,
1/12/2021,59,37,0,,
1/13/2021,64,38,0,,
1/14/2021,67,40,0,,
1/15/2021,71,41,0,,
1/16/2021,69,41,0,,
1/17/2021,70,42,0,,
1/18/2021,69,44,0,,
1/19/2021,70,46,0,,
1/20/2021,67,41,0,,
1/21/2021,70,40,0,,
1/22/2021,62,43,0.17,,
1/23/2021,54,43,0.03,,
1/24/2021,57,38,0,,
1/25/2021,48,38,0.16,,
1/26/2021,52,35,0,,
1/27/2021,63,48,0,,
1/28/2021,67,46,0.58,,
1/29/2021,58,43,0.04,,
1/30/2021,61,38,0,,
1/31/2021,66,40,0,,
2/1/2021,75,51,0,,
2/2/2021,73,50,0,,
2/3/2021,57,43,0,,
2/4/2021,57,38,0,,
2/5/2021,61,39,0,,
2/6/2021,64,39,0,,
2/7/2021,69,42,0,,
2/8/2021,71,41,0,,
2/9/2021,66,46,0,,
2/10/2021,68,45,0,,
2/11/2021,67,45,0,,
2/12/2021,60,47,0.08,,
2/13/2021,60,44,0.01,,
2/14/2021,61,40,0,,
2/15/2021,65,47,0,,
2/16/2021,62,42,0,,
2/17/2021,61,40,0,,
2/18/2021,68,38,0,,
2/19/2021,69,40,0,,
2/20/2021,60,43,0,,
2/21/2021,65,38,0,,
2/22/2021,73,38,0,,
2/23/2021,73,44,0,,
2/24/2021,70,46,0,,
2/25/2021,66,42,0,,
2/26/2021,69,39,0,,
2/27/2021,64,38,0,,
2/28/2021,72,40,0,,
3/1/2021,77,48,0,,
3/2/2021,76,49,0,,
3/3/2021,66,40,0,,
3/4/2021,71,41,0,,
3/5/2021,78,44,0,,
3/6/2021,66,46,0,,
3/7/2021,60,44,0,,
3/8/2021,67,45,0,,
3/9/2021,63,44,0,,
3/10/2021,55,44,0.26,,
3/11/2021,57,43,0.03,,
3/12/2021,62,42,0,,
3/13/2021,68,44,0,,
3/14/2021,64,41,0,,
3/15/2021,54,41,0.22,,
3/16/2021,58,42,0,,
3/17/2021,68,40,0,,
3/18/2021,77,49,0,,
3/19/2021,77,53,0.12,,
3/20/2021,61,48,0.14,,
3/21/2021,63,42,0,,
3/22/2021,68,43,0,,
3/23/2021,65,48,0,,
3/24/2021,71,44,0,,
3/25/2021,66,45,0,,
3/26/2021,70,49,0,,
3/27/2021,80,47,0,,
3/28/2021,83,50,0,,
3/29/2021,81,53,0,,
3/30/2021,77,51,0,,
3/31/2021,88,48,0,,
4/1/2021,89,56,0,,
4/2/2021,90,55,0,,
4/3/2021,87,52,0,,
4/4/2021,76,47,0,,
4/5/2021,76,50,0,,
4/6/2021,79,49,0,,
4/7/2021,85,55,0,,
4/8/2021,77,51,0,,
4/9/2021,80,52,0,,
4/10/2021,75,49,0,,
4/11/2021,79,54,0,,
4/12/2021,84,54,0,,
4/13/2021,83,54,0,,
4/14/2021,71,49,0,,
4/15/2021,75,50,0,,
4/16/2021,79,51,0,,
4/17/2021,83,55,0,,
4/18/2021,87,57,0,,
4/19/2021,89,59,0,,
4/20/2021,87,57,0,,
4/21/2021,74,49,0,,
4/22/2021,81,53,0,,
4/23/2021,80,51,0,,
4/24/2021,78,54,0,,
4/25/2021,67,52,0.13,,
4/26/2021,66,50,0.06,,
4/27/2021,71,47,0,,
4/28/2021,82,53,0,,
4/29/2021,93,57,0,,
4/30/2021,94,62,0,,
5/1/2021,86,62,0,,
5/2/2021,81,55,0,,
5/3/2021,86,62,0,,
5/4/2021,91,61,0,,
5/5/2021,98,66,0,,
5/6/2021,92,67,0,,
5/7/2021,83,59,0,,
5/8/2021,83,59,0,,
5/9/2021,87,64,0,,
5/10/2021,88,63,0,,
5/11/2021,94,65,0,,
5/12/2021,98,67,0,,
5/13/2021,96,67,0,,
5/14/2021,95,67,0,,
5/15/2021,82,57,0,,
5/16/2021,80,55,0,,
5/17/2021,86,61,0,,
5/18/2021,86,60,0,,
5/19/2021,84,58,0,,
5/20/2021,73,50,0,,
5/21/2021,72,50,0,,
5/22/2021,77,52,0,,
5/23/2021,81,55,0,,
5/24/2021,87,57,0,,
5/25/2021,86,60,0,,
5/26/2021,89,62,0,,
5/27/2021,90,63,0,,
5/28/2021,90,63,0,,
5/29/2021,90,63,0,,
5/30/2021,91,65,0,,
5/31/2021,102,71,0,,
6/1/2021,105,75,0,,
6/2/2021,106,76,0,,
6/3/2021,103,75,0,,
6/4/2021,101,78,0,,
6/5/2021,101,75,0,,
6/6/2021,96,72,0,,
6/7/2021,84,64,0,,
6/8/2021,79,55,0,,
6/9/2021,78,54,0,,
6/10/2021,76,52,0,,
6/11/2021,83,53,0,,
6/12/2021,88,59,0,,
6/13/2021,95,66,0,,
6/14/2021,91,67,0,,
6/15/2021,87,63,0,,
6/16/2021,93,71,0,,
6/17/2021,101,77,0,,
6/18/2021,110,82,0,,
6/19/2021,110,83,0,,
6/20/2021,109,80,0,,
6/21/2021,105,76,0,,
6/22/2021,97,69,0,,
6/23/2021,95,69,0,,
6/24/2021,93,66,0,,
6/25/2021,94,69,0,,
6/26/2021,99,73,0,,
6/27/2021,106,80,0,,
6/28/2021,102,77,0,,
6/29/2021,101,76,0,,
6/30/2021,105,81,0,,
7/1/2021,102,74,0,,
7/2/2021,102,76,0,,
7/3/2021,103,77,0,,
7/4/2021,102,75,0,,
7/5/2021,100,73,0,,
7/6/2021,100,72,0,,
7/7/2021,98,74,0,,
7/8/2021,103,75,0,,
7/9/2021,110,83,0,,
7/10/2021,109,83,0,,
7/11/2021,111,85,0,,
7/12/2021,109,82,0,,
7/13/2021,107,82,0,,
7/14/2021,102,80,0,,
7/15/2021,100,73,0,,
7/16/2021,99,73,0,,
7/17/2021,102,73,0,,
7/18/2021,101,77,0,,
7/19/2021,105,81,0,,
7/20/2021,104,78,0,,
7/21/2021,100,75,0,,
7/22/2021,102,74,0,,
7/23/2021,103,76,0,,
7/24/2021,101,76,0,,
7/25/2021,102,77,0,,
7/26/2021,91,78,0,,
7/27/2021,102,73,0,,
7/28/2021,101,75,0,,
7/29/2021,103,78,0,,
7/30/2021,107,83,0,,
7/31/2021,105,83,0,,
8/1/2021,106,73,0,,
8/2/2021,100,74,0,,
8/3/2021,101,73,0,,
8/4/2021,105,73,0,,
8/5/2021,98,71,0,,
8/6/2021,97,68,0,,
8/7/2021,102,69,0,,
8/8/2021,102,74,0,,
8/9/2021,103,73,0,,
8/10/2021,104,75,0,,
8/11/2021,105,78,0,,
8/12/2021,104,80,0,,
8/13/2021,103,78,0,,
8/14/2021,102,78,0,,
8/15/2021,104,81,0,,
8/16/2021,105,83,0,,
8/17/2021,103,79,0,,
8/18/2021,89,66,0,,
8/19/2021,87,63,0,,
8/20/2021,91,68,0,,
8/21/2021,92,67,0,,
8/22/2021,89,66,0,,
8/23/2021,92,68,0,,
8/24/2021,94,68,0,,
8/25/2021,96,66,0,,
8/26/2021,96,68,0,,
8/27/2021,98,70,0,,
8/28/2021,103,69,0,,
8/29/2021,104,74,0,,
8/30/2021,105,76,0,,
8/31/2021,103,76,0,,
9/1/2021,94,70,0,,
9/2/2021,92,65,0,,
9/3/2021,93,63,0,,
9/4/2021,96,67,0,,
9/5/2021,97,69,0,,
9/6/2021,102,73,0,,
9/7/2021,103,76,0,,
9/8/2021,103,78,0,,
9/9/2021,108,77,0,,
9/10/2021,98,78,0,,
9/11/2021,97,73,0,,
9/12/2021,97,69,0,,
9/13/2021,98,71,0,,
9/14/2021,99,70,0,,
9/15/2021,96,71,0,,
9/16/2021,95,70,0,,
9/17/2021,92,65,0,,
9/18/2021,87,61,0,,
9/19/2021,82,58,0,,
9/20/2021,85,63,0,,
9/21/2021,101,63,0,,
9/22/2021,99,70,0,,
9/23/2021,90,71,0,,
9/24/2021,88,68,0,,
9/25/2021,89,62,0,,
9/26/2021,86,65,0,,
9/27/2021,83,62,0,,
9/28/2021,74,60,0,,
9/29/2021,79,57,0,,
9/30/2021,86,57,0,,
10/1/2021,92,60,0,,
10/2/2021,93,59,0,,
10/3/2021,94,60,0,,
10/4/2021,88,63,0,,
10/5/2021,87,67,0,,
10/6/2021,83,62,0,,
10/7/2021,81,62,0,,
10/8/2021,68,52,0,,
10/9/2021,71,48,0,,
10/10/2021,77,51,0,,
10/11/2021,68,50,0,,
10/12/2021,67,46,0,,
10/13/2021,72,45,0,,
10/14/2021,74,47,0,,
10/15/2021,84,49,0,,
10/16/2021,87,51,0,,
10/17/2021,86,54,0,,
10/18/2021,63,49,0.03,,
10/19/2021,73,46,0,,
10/20/2021,79,51,0,,
10/21/2021,82,58,0,,
10/22/2021,79,57,0,,
10/23/2021,70,58,0,,
10/24/2021,78,57,0,,
10/25/2021,70,52,0.91,,
10/26/2021,64,51,0,,
10/27/2021,68,49,0,,
10/28/2021,73,51,0,,
10/29/2021,78,56,0,,
10/30/2021,78,57,0,,
10/31/2021,67,56,0,,
11/1/2021,73,52,0,,
11/2/2021,75,53,0,,
11/3/2021,69,52,0,,
11/4/2021,75,53,0,,
11/5/2021,71,56,0,,
11/6/2021,69,51,0,,
11/7/2021,58,53,0,,
11/8/2021,66,49,0,,
11/9/2021,69,53,0.01,,
11/10/2021,66,53,0,,
11/11/2021,64,50,0,,
11/12/2021,71,49,0,,
11/13/2021,70,49,0,,
11/14/2021,67,46,0,,
11/15/2021,65,44,0,,
11/16/2021,61,50,0,,
11/17/2021,65,48,0,,
11/18/2021,68,46,0,,
11/19/2021,66,47,0,,
11/20/2021,65,50,0,,
11/21/2021,60,41,0,,
11/22/2021,61,42,0,,
11/23/2021,70,41,0,,
11/24/2021,62,44,0,,
11/25/2021,70,36,0,,
11/26/2021,65,41,0,,
11/27/2021,67,39,0,,
11/28/2021,70,42,0,,
11/29/2021,70,43,0,,
11/30/2021,71,44,0,,
12/1/2021,77,43,0,,
12/2/2021,76,45,0,,
12/3/2021,73,44,0,,
12/4/2021,55,39,0,,
12/5/2021,49,42,0,,
12/6/2021,52,45,0,,
12/7/2021,59,44,0,,
12/8/2021,61,40,0,,
12/9/2021,53,46,0.15,,
12/10/2021,56,40,0,,
12/11/2021,58,36,0,,
12/12/2021,64,36,0,,
12/13/2021,62,38,0,,
12/14/2021,62,40,0.97,,
12/15/2021,52,36,0,,
12/16/2021,60,38,0,,
12/17/2021,49,42,0,,
12/18/2021,53,39,0,,
12/19/2021,55,34,0,,
12/20/2021,41,35,0,,
12/21/2021,50,39,0,,
12/22/2021,57,37,0.22,,
12/23/2021,61,50,0.6,,
12/24/2021,63,48,0.38,,
12/25/2021,57,44,0.07,,
12/26/2021,54,39,0,,
12/27/2021,53,38,0.14,,
12/28/2021,48,42,0,,
12/29/2021,57,40,0.02,,
12/30/2021,53,44,0.05,,
12/31/2021,49,44,0,,
1/1/2022,54,38,0,,
1/2/2022,60,33,0,,
1/3/2022,58,34,0,,
1/4/2022,60,38,0,,
1/5/2022,60,41,0,,
1/6/2022,60,41,0,,
1/7/2022,51,39,0,,
1/8/2022,58,40,0,,
1/9/2022,61,38,0,,
1/10/2022,57,38,0,,
1/11/2022,61,37,0,,
1/12/2022,63,37,0,,
1/13/2022,61,45,0,,
1/14/2022,60,39,0,,
1/15/2022,57,38,0,,
1/16/2022,64,47,0.01,,
1/17/2022,63,46,0,,
1/18/2022,64,47,0,,
1/19/2022,62,44,0,,
1/20/2022,64,42,0,,
1/21/2022,59,40,0,,
1/22/2022,63,39,0,,
1/23/2022,65,37,0,,
1/24/2022,65,37,0,,
1/25/2022,63,37,0,,
1/26/2022,68,34,0,,
1/27/2022,65,35,0,,
1/28/2022,70,37,0,,
1/29/2022,58,39,0,,
1/30/2022,65,35,0,,
1/31/2022,58,36,0,,
2/1/2022,53,40,0,,
2/2/2022,58,36,0,,
2/3/2022,63,34,0,,
2/4/2022,67,33,0,,
2/5/2022,66,34,0,,
2/6/2022,68,35,0,,
2/7/2022,75,38,0,,
2/8/2022,72,40,0,,
2/9/2022,74,42,0,,
2/10/2022,76,42,0,,
2/11/2022,77,44,0,,
2/12/2022,85,46,0,,
2/13/2022,83,46,0,,
2/14/2022,80,45,0,,
2/15/2022,58,43,0,,
2/16/2022,63,37,0,,
2/17/2022,71,37,0,,
2/18/2022,71,39,0,,
2/19/2022,73,39,0,,
2/20/2022,73,41,0,,
2/21/2022,60,43,0,,
2/22/2022,55,40,0.11,,
2/23/2022,53,37,0,,
2/24/2022,57,32,0,,
2/25/2022,62,33,0,,
2/26/2022,65,34,0,,
2/27/2022,69,39,0,,
2/28/2022,73,40,0,,
3/1/2022,78,42,0,,
3/2/2022,80,48,0,,
3/3/2022,75,48,0,,
3/4/2022,60,47,0.68,,
3/5/2022,56,41,0,,
3/6/2022,60,37,0,,
3/7/2022,65,40,0,,
3/8/2022,70,41,0,,
3/9/2022,71,44,0,,
3/10/2022,66,42,0,,
3/11/2022,74,47,0,,
3/12/2022,79,42,0,,
3/13/2022,72,42,0,,
3/14/2022,74,45,0,,
3/15/2022,75,47,0,,
3/16/2022,73,49,0,,
3/17/2022,76,50,0,,
3/18/2022,77,47,0,,
3/19/2022,70,51,0.17,,
3/20/2022,64,50,0.02,,
3/21/2022,72,46,0,,
3/22/2022,82,49,0,,
3/23/2022,91,55,0,,
3/24/2022,89,59,0,,
3/25/2022,86,58,0,,
3/26/2022,88,59,0,,
3/27/2022,88,57,0,,
3/28/2022,64,52,0.47,,
3/29/2022,64,50,0,,
3/30/2022,72,54,0,,
3/31/2022,67,50,0,,
4/1/2022,76,54,0,,
4/2/2022,80,55,0,,
4/3/2022,80,57,0,,
4/4/2022,74,50,0,,
4/5/2022,76,52,0,,
4/6/2022,82,55,0,,
4/7/2022,97,55,0,,
4/8/2022,93,61,0,,
4/9/2022,81,56,0,,
4/10/2022,73,47,0,,
4/11/2022,71,46,0,,
4/12/2022,65,40,0,,
4/13/2022,65,39,0,,
4/14/2022,71,42,0,,
4/15/2022,74,50,0,,
4/16/2022,75,56,0,,
4/17/2022,77,51,0,,
4/18/2022,82,50,0,,
4/19/2022,78,56,0,,
4/20/2022,77,53,0,,
4/21/2022,75,52,0.25,,
4/22/2022,66,49,0.14,,
4/23/2022,71,49,0,,
4/24/2022,82,51,0,,
4/25/2022,88,54,0,,
4/26/2022,81,57,0,,
4/27/2022,79,55,0,,
4/28/2022,74,51,0,,
4/29/2022,76,51,0,,
4/30/2022,83,54,0,,
5/1/2022,78,53,0,,
5/2/2022,84,56,0,,
5/3/2022,78,54,0,,
5/4/2022,91,56,0,,
5/5/2022,94,63,0,,
5/6/2022,83,58,0,,
5/7/2022,77,59,0,,
5/8/2022,72,50,0,,
5/9/2022,66,43,0,,
5/10/2022,67,45,0,,
5/11/2022,70,45,0,,
5/12/2022,77,49,0,,
5/13/2022,81,49,0,,
5/14/2022,88,57,0,,
5/15/2022,92,65,0,,
5/16/2022,86,62,0,,
5/17/2022,85,56,0,,
5/18/2022,91,66,0,,
5/19/2022,94,68,0,,
5/20/2022,82,62,0,,
5/21/2022,85,60,0,,
5/22/2022,89,61,0,,
5/23/2022,91,64,0,,
5/24/2022,96,68,0,,
5/25/2022,102,72,0,,
5/26/2022,100,71,0,,
5/27/2022,86,63,0,,
5/28/2022,84,61,0,,
5/29/2022,80,59,0,,
5/30/2022,82,57,0,,
5/31/2022,84,58,0,,
6/1/2022,95,62,0,,
6/2/2022,95,66,0,,
6/3/2022,91,66,0,,
6/4/2022,88,64,0,,
6/5/2022,90,63,0,,
6/6/2022,89,66,0,,
6/7/2022,92,64,0,,
6/8/2022,93,66,0,,
6/9/2022,95,70,0,,
6/10/2022,100,75,0,,
6/11/2022,100,74,0,,
6/12/2022,99,72,0,,
6/13/2022,85,65,0,,
6/14/2022,88,59,0,,
6/15/2022,95,66,0,,
6/16/2022,95,66,0,,
6/17/2022,73,59,0,,
6/18/2022,79,53,0,,
6/19/2022,83,57,0,,
6/20/2022,93,64,0,,
6/21/2022,101,68,0,,
6/22/2022,97,73,0.01,,
6/23/2022,101,75,0,,
6/24/2022,102,75,0,,
6/25/2022,105,77,0,,
6/26/2022,105,75,0,,
6/27/2022,105,76,0,,
6/28/2022,102,76,0,,
6/29/2022,104,75,0,,
6/30/2022,101,72,0,,
7/1/2022,98,68,0,,
7/2/2022,96,69,0,,
7/3/2022,87,63,0,,
7/4/2022,87,61,0,,
7/5/2022,93,62,0,,
7/6/2022,91,68,0,,
7/7/2022,93,67,0,,
7/8/2022,98,69,0,,
7/9/2022,96,70,0,,
7/10/2022,98,70,0,,
7/11/2022,103,75,0,,
7/12/2022,103,76,0,,
7/13/2022,100,74,0,,
7/14/2022,101,71,0,,
7/15/2022,102,76,0,,
7/16/2022,105,79,0,,
7/17/2022,110,80,0,,
7/18/2022,106,81,0,,
7/19/2022,104,78,0,,
7/20/2022,105,75,0,,
7/21/2022,104,78,0,,
7/22/2022,101,74,0,,
7/23/2022,103,71,0,,
7/24/2022,103,74,0,,
7/25/2022,102,72,0,,
7/26/2022,103,77,0,,
7/27/2022,100,76,0,,
7/28/2022,103,76,0,,
7/29/2022,106,78,0,,
7/30/2022,105,82,0,,
7/31/2022,102,80,0,,
8/1/2022,101,78,0,,
8/2/2022,101,77,0,,
8/3/2022,102,74,0,,
8/4/2022,104,82,0,,
8/5/2022,99,78,0,,
8/6/2022,97,72,0,,
8/7/2022,97,70,0,,
8/8/2022,96,72,0,,
8/9/2022,99,71,0,,
8/10/2022,95,69,0,,
8/11/2022,97,69,0,,
8/12/2022,98,69,0,,
8/13/2022,99,70,0,,
8/14/2022,101,71,0,,
8/15/2022,102,68,0,,
8/16/2022,105,76,0,,
8/17/2022,106,83,0,,
8/18/2022,105,72,0,,
8/19/2022,104,75,0,,
8/20/2022,108,74,0,,
8/21/2022,106,79,0,,
8/22/2022,101,75,0,,
8/23/2022,100,74,0,,
8/24/2022,105,72,0,,
8/25/2022,103,77,0,,
8/26/2022,102,75,0,,
8/27/2022,101,73,0,,
8/28/2022,98,73,0,,
8/29/2022,97,73,0,,
8/30/2022,100,75,0,,
8/31/2022,100,72,0,,
9/1/2022,103,77,0,,
9/2/2022,106,79,0,,
9/3/2022,102,77,0,,
9/4/2022,106,76,0,,
9/5/2022,108,81,0,,
9/6/2022,115,80,0,,
9/7/2022,111,84,0,,
9/8/2022,107,82,0,,
9/9/2022,104,81,0,,
9/10/2022,99,78,0,,
9/11/2022,95,75,0,,
9/12/2022,95,75,0,,
9/13/2022,92,70,0,,
9/14/2022,84,61,0,,
9/15/2022,82,61,0,,
9/16/2022,83,61,0,,
9/17/2022,88,63,0,,
9/18/2022,85,59,0,,
9/19/2022,83,62,0,,
9/20/2022,84,65,0,,
9/21/2022,83,62,0,,
9/22/2022,83,60,0,,
9/23/2022,88,61,0,,
9/24/2022,94,67,0,,
9/25/2022,96,70,0,,
9/26/2022,98,64,0,,
9/27/2022,94,71,0,,
9/28/2022,93,68,0,,
9/29/2022,89,67,0,,
9/30/2022,90,66,0,,
10/1/2022,92,67,0,,
10/2/2022,84,63,0,,
10/3/2022,85,57,0,,
10/4/2022,88,63,0,,
10/5/2022,91,65,0,,
10/6/2022,94,67,0,,
10/7/2022,94,68,0,,
10/8/2022,95,67,0,,
10/9/2022,93,67,0,,
10/10/2022,91,66,0,,
10/11/2022,91,70,0,,
10/12/2022,89,62,0,,
10/13/2022,88,64,0,,
10/14/2022,88,63,0,,
10/15/2022,87,63,0,,
10/16/2022,78,57,0,,
10/17/2022,78,55,0,,
10/18/2022,84,59,0,,
10/19/2022,88,62,0,,
10/20/2022,92,62,0,,
10/21/2022,90,63,0,,
10/22/2022,76,58,0,,
10/23/2022,68,47,0,,
10/24/2022,73,50,0,,
10/25/2022,76,54,0,,
10/26/2022,72,50,0,,
10/27/2022,73,51,0,,
10/28/2022,79,48,0,,
10/29/2022,74,50,0,,
10/30/2022,75,49,0,,
10/31/2022,73,51,0,,
11/1/2022,76,51,0.18,,
11/2/2022,62,49,0.03,,
11/3/2022,57,45,0.06,,
11/4/2022,62,41,0,,
11/5/2022,65,41,0,,
11/6/2022,74,50,0,,
11/7/2022,67,51,0.02,,
11/8/2022,69,48,0.24,,
11/9/2022,59,46,0.13,,
11/10/2022,58,40,0,,
11/11/2022,61,40,0,,
11/12/2022,62,41,0,,
11/13/2022,60,44,0,,
11/14/2022,65,38,0,,
11/15/2022,63,38,0,,
11/16/2022,68,40,0,,
11/17/2022,68,38,0,,
11/18/2022,62,39,0,,
11/19/2022,65,37,0,,
11/20/2022,66,35,0,,
11/21/2022,63,36,0,,
11/22/2022,63,37,0,,
11/23/2022,65,40,0,,
11/24/2022,79,40,0,,
11/25/2022,70,41,0,,
11/26/2022,69,39,0,,
11/27/2022,66,40,0,,
11/28/2022,65,41,0,,
11/29/2022,59,43,0,,
11/30/2022,62,37,0,,
12/14/2022,55,41,0,,
12/15/2022,52,36,0,,
12/16/2022,57,36,0,,
12/17/2022,43,32,0,,
12/18/2022,47,38,0,,
12/19/2022,50,38,0,,
12/20/2022,48,34,0,,
12/21/2022,46,34,0,,
12/22/2022,45,31,0,,
12/23/2022,53,34,0,,
12/24/2022,46,32,0,,
12/25/2022,49,33,0,,
12/26/2022,51,34,0,,
12/27/2022,56,43,0.83,,
12/28/2022,58,47,0.02,,
12/29/2022,55,47,0.03,,
12/30/2022,66,51,0,,
12/31/2022,67,54,0.37,,
